ins_date,ins_ccd,ins_scd,ins_pg,upd_date,upd_ccd,upd_scd,upd_pg,exclus_ver,attendance_item_id,frame_no,type_of_item,frame_category,preliminary_frame_no
,,,,,,,,0,216,1,1,0,
,,,,,,,,0,217,1,1,1,
,,,,,,,,0,218,1,1,0,
,,,,,,,,0,219,1,1,1,
,,,,,,,,0,220,1,1,0,
,,,,,,,,0,221,2,1,0,
,,,,,,,,0,222,2,1,1,
,,,,,,,,0,223,2,1,0,
,,,,,,,,0,224,2,1,1,
,,,,,,,,0,225,2,1,0,
,,,,,,,,0,226,3,1,0,
,,,,,,,,0,227,3,1,1,
,,,,,,,,0,228,3,1,0,
,,,,,,,,0,229,3,1,1,
,,,,,,,,0,230,3,1,0,
,,,,,,,,0,231,4,1,0,
,,,,,,,,0,232,4,1,1,
,,,,,,,,0,233,4,1,0,
,,,,,,,,0,234,4,1,1,
,,,,,,,,0,235,4,1,0,
,,,,,,,,0,236,5,1,0,
,,,,,,,,0,237,5,1,1,
,,,,,,,,0,238,5,1,0,
,,,,,,,,0,239,5,1,1,
,,,,,,,,0,240,5,1,0,
,,,,,,,,0,241,6,1,0,
,,,,,,,,0,242,6,1,1,
,,,,,,,,0,243,6,1,0,
,,,,,,,,0,244,6,1,1,
,,,,,,,,0,245,6,1,0,
,,,,,,,,0,246,7,1,0,
,,,,,,,,0,247,7,1,1,
,,,,,,,,0,248,7,1,0,
,,,,,,,,0,249,7,1,1,
,,,,,,,,0,250,7,1,0,
,,,,,,,,0,251,8,1,0,
,,,,,,,,0,252,8,1,1,
,,,,,,,,0,253,8,1,0,
,,,,,,,,0,254,8,1,1,
,,,,,,,,0,255,8,1,0,
,,,,,,,,0,256,9,1,0,
,,,,,,,,0,257,9,1,1,
,,,,,,,,0,258,9,1,0,
,,,,,,,,0,259,9,1,1,
,,,,,,,,0,260,9,1,0,
,,,,,,,,0,261,10,1,0,
,,,,,,,,0,262,10,1,1,
,,,,,,,,0,263,10,1,0,
,,,,,,,,0,264,10,1,1,
,,,,,,,,0,265,10,1,0,
,,,,,,,,0,266,1,1,2,
,,,,,,,,0,267,1,1,3,
,,,,,,,,0,268,1,1,2,
,,,,,,,,0,269,1,1,3,
,,,,,,,,0,270,1,1,2,
,,,,,,,,0,271,2,1,2,
,,,,,,,,0,272,2,1,3,
,,,,,,,,0,273,2,1,2,
,,,,,,,,0,274,2,1,3,
,,,,,,,,0,275,2,1,2,
,,,,,,,,0,276,3,1,2,
,,,,,,,,0,277,3,1,3,
,,,,,,,,0,278,3,1,2,
,,,,,,,,0,279,3,1,3,
,,,,,,,,0,280,3,1,2,
,,,,,,,,0,281,4,1,2,
,,,,,,,,0,282,4,1,3,
,,,,,,,,0,283,4,1,2,
,,,,,,,,0,284,4,1,3,
,,,,,,,,0,285,4,1,2,
,,,,,,,,0,286,5,1,2,
,,,,,,,,0,287,5,1,3,
,,,,,,,,0,288,5,1,2,
,,,,,,,,0,289,5,1,3,
,,,,,,,,0,290,5,1,2,
,,,,,,,,0,291,6,1,2,
,,,,,,,,0,292,6,1,3,
,,,,,,,,0,293,6,1,2,
,,,,,,,,0,294,6,1,3,
,,,,,,,,0,295,6,1,2,
,,,,,,,,0,296,7,1,2,
,,,,,,,,0,297,7,1,3,
,,,,,,,,0,298,7,1,2,
,,,,,,,,0,299,7,1,3,
,,,,,,,,0,300,7,1,2,
,,,,,,,,0,301,8,1,2,
,,,,,,,,0,302,8,1,3,
,,,,,,,,0,303,8,1,2,
,,,,,,,,0,304,8,1,3,
,,,,,,,,0,305,8,1,2,
,,,,,,,,0,306,9,1,2,
,,,,,,,,0,307,9,1,3,
,,,,,,,,0,308,9,1,2,
,,,,,,,,0,309,9,1,3,
,,,,,,,,0,310,9,1,2,
,,,,,,,,0,311,10,1,2,
,,,,,,,,0,312,10,1,3,
,,,,,,,,0,313,10,1,2,
,,,,,,,,0,314,10,1,3,
,,,,,,,,0,315,10,1,2,
,,,,,,,,0,316,1,1,5,
,,,,,,,,0,317,2,1,5,
,,,,,,,,0,318,3,1,5,
,,,,,,,,0,319,4,1,5,
,,,,,,,,0,320,5,1,5,
,,,,,,,,0,321,6,1,5,
,,,,,,,,0,322,7,1,5,
,,,,,,,,0,323,8,1,5,
,,,,,,,,0,324,9,1,5,
,,,,,,,,0,325,10,1,5,
,,,,,,,,0,336,1,1,5,
,,,,,,,,0,337,2,1,5,
,,,,,,,,0,338,3,1,5,
,,,,,,,,0,339,4,1,5,
,,,,,,,,0,340,5,1,5,
,,,,,,,,0,341,6,1,5,
,,,,,,,,0,342,7,1,5,
,,,,,,,,0,343,8,1,5,
,,,,,,,,0,344,9,1,5,
,,,,,,,,0,345,10,1,5,
,,,,,,,,0,346,1,1,5,
,,,,,,,,0,347,2,1,5,
,,,,,,,,0,348,3,1,5,
,,,,,,,,0,349,4,1,5,
,,,,,,,,0,350,5,1,5,
,,,,,,,,0,351,6,1,5,
,,,,,,,,0,352,7,1,5,
,,,,,,,,0,353,8,1,5,
,,,,,,,,0,354,9,1,5,
,,,,,,,,0,355,10,1,5,
,,,,,,,,0,366,1,1,6,
,,,,,,,,0,367,2,1,6,
,,,,,,,,0,368,3,1,6,
,,,,,,,,0,369,4,1,6,
,,,,,,,,0,370,5,1,6,
,,,,,,,,0,371,6,1,6,
,,,,,,,,0,372,7,1,6,
,,,,,,,,0,373,8,1,6,
,,,,,,,,0,374,9,1,6,
,,,,,,,,0,375,10,1,6,
,,,,,,,,0,386,1,1,6,
,,,,,,,,0,387,2,1,6,
,,,,,,,,0,388,3,1,6,
,,,,,,,,0,389,4,1,6,
,,,,,,,,0,390,5,1,6,
,,,,,,,,0,391,6,1,6,
,,,,,,,,0,392,7,1,6,
,,,,,,,,0,393,8,1,6,
,,,,,,,,0,394,9,1,6,
,,,,,,,,0,395,10,1,6,
,,,,,,,,0,396,1,1,6,
,,,,,,,,0,397,2,1,6,
,,,,,,,,0,398,3,1,6,
,,,,,,,,0,399,4,1,6,
,,,,,,,,0,400,5,1,6,
,,,,,,,,0,401,6,1,6,
,,,,,,,,0,402,7,1,6,
,,,,,,,,0,403,8,1,6,
,,,,,,,,0,404,9,1,6,
,,,,,,,,0,405,10,1,6,
,,,,,,,,0,416,1,1,10,
,,,,,,,,0,417,2,1,10,
,,,,,,,,0,418,3,1,10,
,,,,,,,,0,419,4,1,10,
,,,,,,,,0,420,5,1,10,
,,,,,,,,0,421,6,1,10,
,,,,,,,,0,422,7,1,10,
,,,,,,,,0,423,8,1,10,
,,,,,,,,0,424,9,1,10,
,,,,,,,,0,425,10,1,10,
,,,,,,,,0,426,1,1,4,
,,,,,,,,0,427,2,1,4,
,,,,,,,,0,428,3,1,4,
,,,,,,,,0,429,4,1,4,
,,,,,,,,0,430,5,1,4,
,,,,,,,,0,431,6,1,4,
,,,,,,,,0,432,7,1,4,
,,,,,,,,0,433,8,1,4,
,,,,,,,,0,434,9,1,4,
,,,,,,,,0,435,10,1,4,
,,,,,,,,0,436,1,1,7,
,,,,,,,,0,438,1,1,7,
,,,,,,,,0,439,1,1,7,
,,,,,,,,0,441,2,1,7,
,,,,,,,,0,443,2,1,7,
,,,,,,,,0,444,2,1,7,
,,,,,,,,0,446,3,1,7,
,,,,,,,,0,448,3,1,7,
,,,,,,,,0,449,3,1,7,
,,,,,,,,0,451,4,1,7,
,,,,,,,,0,453,4,1,7,
,,,,,,,,0,454,4,1,7,
,,,,,,,,0,456,5,1,7,
,,,,,,,,0,458,5,1,7,
,,,,,,,,0,459,5,1,7,
,,,,,,,,0,641,1,1,8,
,,,,,,,,0,642,2,1,8,
,,,,,,,,0,643,3,1,8,
,,,,,,,,0,644,4,1,8,
,,,,,,,,0,645,5,1,8,
,,,,,,,,0,646,6,1,8,
,,,,,,,,0,647,7,1,8,
,,,,,,,,0,648,8,1,8,
,,,,,,,,0,649,9,1,8,
,,,,,,,,0,650,10,1,8,
,,,,,,,,0,651,11,1,8,
,,,,,,,,0,652,12,1,8,
,,,,,,,,0,653,13,1,8,
,,,,,,,,0,654,14,1,8,
,,,,,,,,0,655,15,1,8,
,,,,,,,,0,656,16,1,8,
,,,,,,,,0,657,17,1,8,
,,,,,,,,0,658,18,1,8,
,,,,,,,,0,659,19,1,8,
,,,,,,,,0,660,20,1,8,
,,,,,,,,0,661,21,1,8,
,,,,,,,,0,662,22,1,8,
,,,,,,,,0,663,23,1,8,
,,,,,,,,0,664,24,1,8,
,,,,,,,,0,665,25,1,8,
,,,,,,,,0,666,26,1,8,
,,,,,,,,0,667,27,1,8,
,,,,,,,,0,668,28,1,8,
,,,,,,,,0,669,29,1,8,
,,,,,,,,0,670,30,1,8,
,,,,,,,,0,671,31,1,8,
,,,,,,,,0,672,32,1,8,
,,,,,,,,0,673,33,1,8,
,,,,,,,,0,674,34,1,8,
,,,,,,,,0,675,35,1,8,
,,,,,,,,0,676,36,1,8,
,,,,,,,,0,677,37,1,8,
,,,,,,,,0,678,38,1,8,
,,,,,,,,0,679,39,1,8,
,,,,,,,,0,680,40,1,8,
,,,,,,,,0,681,41,1,8,
,,,,,,,,0,682,42,1,8,
,,,,,,,,0,683,43,1,8,
,,,,,,,,0,684,44,1,8,
,,,,,,,,0,685,45,1,8,
,,,,,,,,0,686,46,1,8,
,,,,,,,,0,687,47,1,8,
,,,,,,,,0,688,48,1,8,
,,,,,,,,0,689,49,1,8,
,,,,,,,,0,690,50,1,8,
,,,,,,,,0,691,51,1,8,
,,,,,,,,0,692,52,1,8,
,,,,,,,,0,693,53,1,8,
,,,,,,,,0,694,54,1,8,
,,,,,,,,0,695,55,1,8,
,,,,,,,,0,696,56,1,8,
,,,,,,,,0,697,57,1,8,
,,,,,,,,0,698,58,1,8,
,,,,,,,,0,699,59,1,8,
,,,,,,,,0,700,60,1,8,
,,,,,,,,0,701,61,1,8,
,,,,,,,,0,702,62,1,8,
,,,,,,,,0,703,63,1,8,
,,,,,,,,0,704,64,1,8,
,,,,,,,,0,705,65,1,8,
,,,,,,,,0,706,66,1,8,
,,,,,,,,0,707,67,1,8,
,,,,,,,,0,708,68,1,8,
,,,,,,,,0,709,69,1,8,
,,,,,,,,0,710,70,1,8,
,,,,,,,,0,711,71,1,8,
,,,,,,,,0,712,72,1,8,
,,,,,,,,0,713,73,1,8,
,,,,,,,,0,714,74,1,8,
,,,,,,,,0,715,75,1,8,
,,,,,,,,0,716,76,1,8,
,,,,,,,,0,717,77,1,8,
,,,,,,,,0,718,78,1,8,
,,,,,,,,0,719,79,1,8,
,,,,,,,,0,720,80,1,8,
,,,,,,,,0,721,81,1,8,
,,,,,,,,0,722,82,1,8,
,,,,,,,,0,723,83,1,8,
,,,,,,,,0,724,84,1,8,
,,,,,,,,0,725,85,1,8,
,,,,,,,,0,726,86,1,8,
,,,,,,,,0,727,87,1,8,
,,,,,,,,0,728,88,1,8,
,,,,,,,,0,729,89,1,8,
,,,,,,,,0,730,90,1,8,
,,,,,,,,0,731,91,1,8,
,,,,,,,,0,732,92,1,8,
,,,,,,,,0,733,93,1,8,
,,,,,,,,0,734,94,1,8,
,,,,,,,,0,735,95,1,8,
,,,,,,,,0,736,96,1,8,
,,,,,,,,0,737,97,1,8,
,,,,,,,,0,738,98,1,8,
,,,,,,,,0,739,99,1,8,
,,,,,,,,0,740,100,1,8,
,,,,,,,,0,767,1,1,0,
,,,,,,,,0,768,2,1,0,
,,,,,,,,0,769,3,1,0,
,,,,,,,,0,770,4,1,0,
,,,,,,,,0,771,5,1,0,
,,,,,,,,0,772,6,1,0,
,,,,,,,,0,773,7,1,0,
,,,,,,,,0,774,8,1,0,
,,,,,,,,0,775,9,1,0,
,,,,,,,,0,776,10,1,0,
,,,,,,,,0,777,1,1,2,
,,,,,,,,0,778,2,1,2,
,,,,,,,,0,779,3,1,2,
,,,,,,,,0,780,4,1,2,
,,,,,,,,0,781,5,1,2,
,,,,,,,,0,782,6,1,2,
,,,,,,,,0,783,7,1,2,
,,,,,,,,0,784,8,1,2,
,,,,,,,,0,785,9,1,2,
,,,,,,,,0,786,10,1,2,
,,,,,,,,0,799,6,1,7,
,,,,,,,,0,801,6,1,7,
,,,,,,,,0,802,6,1,7,
,,,,,,,,0,804,7,1,7,
,,,,,,,,0,806,7,1,7,
,,,,,,,,0,807,7,1,7,
,,,,,,,,0,809,8,1,7,
,,,,,,,,0,811,8,1,7,
,,,,,,,,0,812,8,1,7,
,,,,,,,,0,814,9,1,7,
,,,,,,,,0,816,9,1,7,
,,,,,,,,0,817,9,1,7,
,,,,,,,,0,819,10,1,7,
,,,,,,,,0,821,10,1,7,
,,,,,,,,0,822,10,1,7,
,,,,,,,,0,838,1,1,1,
,,,,,,,,0,839,2,1,1,
,,,,,,,,0,840,3,1,1,
,,,,,,,,0,841,4,1,1,
,,,,,,,,0,842,5,1,1,
,,,,,,,,0,843,6,1,1,
,,,,,,,,0,844,7,1,1,
,,,,,,,,0,845,8,1,1,
,,,,,,,,0,846,9,1,1,
,,,,,,,,0,847,10,1,1,
,,,,,,,,0,848,1,1,3,
,,,,,,,,0,849,2,1,3,
,,,,,,,,0,850,3,1,3,
,,,,,,,,0,851,4,1,3,
,,,,,,,,0,852,5,1,3,
,,,,,,,,0,853,6,1,3,
,,,,,,,,0,854,7,1,3,
,,,,,,,,0,855,8,1,3,
,,,,,,,,0,856,9,1,3,
,,,,,,,,0,857,10,1,3,
,,,,,,,,0,924,1,1,20,
,,,,,,,,0,925,2,1,20,
,,,,,,,,0,926,3,1,20,
,,,,,,,,0,927,4,1,20,
,,,,,,,,0,928,5,1,20,
,,,,,,,,0,934,1,1,20,
,,,,,,,,0,935,2,1,20,
,,,,,,,,0,936,3,1,20,
,,,,,,,,0,937,4,1,20,
,,,,,,,,0,938,5,1,20,
,,,,,,,,0,944,1,1,20,
,,,,,,,,0,945,2,1,20,
,,,,,,,,0,946,3,1,20,
,,,,,,,,0,947,4,1,20,
,,,,,,,,0,948,5,1,20,
,,,,,,,,0,954,1,1,20,
,,,,,,,,0,955,2,1,20,
,,,,,,,,0,956,3,1,20,
,,,,,,,,0,957,4,1,20,
,,,,,,,,0,958,5,1,20,
,,,,,,,,0,964,1,1,20,
,,,,,,,,0,965,2,1,20,
,,,,,,,,0,966,3,1,20,
,,,,,,,,0,967,4,1,20,
,,,,,,,,0,968,5,1,20,
,,,,,,,,0,974,1,1,20,
,,,,,,,,0,975,2,1,20,
,,,,,,,,0,976,3,1,20,
,,,,,,,,0,977,4,1,20,
,,,,,,,,0,978,5,1,20,
,,,,,,,,0,984,1,1,20,
,,,,,,,,0,985,2,1,20,
,,,,,,,,0,986,3,1,20,
,,,,,,,,0,987,4,1,20,
,,,,,,,,0,988,5,1,20,
,,,,,,,,0,994,1,1,20,
,,,,,,,,0,995,2,1,20,
,,,,,,,,0,996,3,1,20,
,,,,,,,,0,997,4,1,20,
,,,,,,,,0,998,5,1,20,
,,,,,,,,0,1004,1,1,20,
,,,,,,,,0,1005,2,1,20,
,,,,,,,,0,1006,3,1,20,
,,,,,,,,0,1007,4,1,20,
,,,,,,,,0,1008,5,1,20,
,,,,,,,,0,1014,1,1,20,
,,,,,,,,0,1015,2,1,20,
,,,,,,,,0,1016,3,1,20,
,,,,,,,,0,1017,4,1,20,
,,,,,,,,0,1018,5,1,20,
,,,,,,,,0,1024,1,1,20,
,,,,,,,,0,1025,2,1,20,
,,,,,,,,0,1026,3,1,20,
,,,,,,,,0,1027,4,1,20,
,,,,,,,,0,1028,5,1,20,
,,,,,,,,0,1034,1,1,20,
,,,,,,,,0,1035,2,1,20,
,,,,,,,,0,1036,3,1,20,
,,,,,,,,0,1037,4,1,20,
,,,,,,,,0,1038,5,1,20,
,,,,,,,,0,1044,1,1,20,
,,,,,,,,0,1045,2,1,20,
,,,,,,,,0,1046,3,1,20,
,,,,,,,,0,1047,4,1,20,
,,,,,,,,0,1048,5,1,20,
,,,,,,,,0,1054,1,1,20,
,,,,,,,,0,1055,2,1,20,
,,,,,,,,0,1056,3,1,20,
,,,,,,,,0,1057,4,1,20,
,,,,,,,,0,1058,5,1,20,
,,,,,,,,0,1064,1,1,20,
,,,,,,,,0,1065,2,1,20,
,,,,,,,,0,1066,3,1,20,
,,,,,,,,0,1067,4,1,20,
,,,,,,,,0,1068,5,1,20,
,,,,,,,,0,1074,1,1,20,
,,,,,,,,0,1075,2,1,20,
,,,,,,,,0,1076,3,1,20,
,,,,,,,,0,1077,4,1,20,
,,,,,,,,0,1078,5,1,20,
,,,,,,,,0,1084,1,1,20,
,,,,,,,,0,1085,2,1,20,
,,,,,,,,0,1086,3,1,20,
,,,,,,,,0,1087,4,1,20,
,,,,,,,,0,1088,5,1,20,
,,,,,,,,0,1094,1,1,20,
,,,,,,,,0,1095,2,1,20,
,,,,,,,,0,1096,3,1,20,
,,,,,,,,0,1097,4,1,20,
,,,,,,,,0,1098,5,1,20,
,,,,,,,,0,1104,1,1,20,
,,,,,,,,0,1105,2,1,20,
,,,,,,,,0,1106,3,1,20,
,,,,,,,,0,1107,4,1,20,
,,,,,,,,0,1108,5,1,20,
,,,,,,,,0,1114,1,1,20,
,,,,,,,,0,1115,2,1,20,
,,,,,,,,0,1116,3,1,20,
,,,,,,,,0,1117,4,1,20,
,,,,,,,,0,1118,5,1,20,
,,,,,,,,0,1295,1,1,4,
,,,,,,,,0,1296,2,1,4,
,,,,,,,,0,1297,3,1,4,
,,,,,,,,0,1298,4,1,4,
,,,,,,,,0,1299,5,1,4,
,,,,,,,,0,1300,6,1,4,
,,,,,,,,0,1301,7,1,4,
,,,,,,,,0,1302,8,1,4,
,,,,,,,,0,1303,9,1,4,
,,,,,,,,0,1304,10,1,4,
,,,,,,,,0,1310,1,1,4,
,,,,,,,,0,1311,2,1,4,
,,,,,,,,0,1312,3,1,4,
,,,,,,,,0,1313,4,1,4,
,,,,,,,,0,1314,5,1,4,
,,,,,,,,0,1315,6,1,4,
,,,,,,,,0,1316,7,1,4,
,,,,,,,,0,1317,8,1,4,
,,,,,,,,0,1318,9,1,4,
,,,,,,,,0,1319,10,1,4,
,,,,,,,,0,1320,1,1,4,
,,,,,,,,0,1321,2,1,4,
,,,,,,,,0,1322,3,1,4,
,,,,,,,,0,1323,4,1,4,
,,,,,,,,0,1324,5,1,4,
,,,,,,,,0,1325,6,1,4,
,,,,,,,,0,1326,7,1,4,
,,,,,,,,0,1327,8,1,4,
,,,,,,,,0,1328,9,1,4,
,,,,,,,,0,1329,10,1,4,
,,,,,,,,0,1354,1,1,4,
,,,,,,,,0,1355,2,1,4,
,,,,,,,,0,1356,3,1,4,
,,,,,,,,0,1357,4,1,4,
,,,,,,,,0,1358,5,1,4,
,,,,,,,,0,1359,6,1,4,
,,,,,,,,0,1360,7,1,4,
,,,,,,,,0,1361,8,1,4,
,,,,,,,,0,1362,9,1,4,
,,,,,,,,0,1363,10,1,4,
,,,,,,,,0,1364,1,1,4,
,,,,,,,,0,1365,2,1,4,
,,,,,,,,0,1366,3,1,4,
,,,,,,,,0,1367,4,1,4,
,,,,,,,,0,1368,5,1,4,
,,,,,,,,0,1369,6,1,4,
,,,,,,,,0,1370,7,1,4,
,,,,,,,,0,1371,8,1,4,
,,,,,,,,0,1372,9,1,4,
,,,,,,,,0,1373,10,1,4,
,,,,,,,,0,1398,1,1,4,
,,,,,,,,0,1399,2,1,4,
,,,,,,,,0,1400,3,1,4,
,,,,,,,,0,1401,4,1,4,
,,,,,,,,0,1402,5,1,4,
,,,,,,,,0,1403,6,1,4,
,,,,,,,,0,1404,7,1,4,
,,,,,,,,0,1405,8,1,4,
,,,,,,,,0,1406,9,1,4,
,,,,,,,,0,1407,10,1,4,
,,,,,,,,0,1408,1,1,4,
,,,,,,,,0,1409,2,1,4,
,,,,,,,,0,1410,3,1,4,
,,,,,,,,0,1411,4,1,4,
,,,,,,,,0,1412,5,1,4,
,,,,,,,,0,1413,6,1,4,
,,,,,,,,0,1414,7,1,4,
,,,,,,,,0,1415,8,1,4,
,,,,,,,,0,1416,9,1,4,
,,,,,,,,0,1417,10,1,4,
,,,,,,,,0,1442,1,1,4,
,,,,,,,,0,1443,2,1,4,
,,,,,,,,0,1444,3,1,4,
,,,,,,,,0,1445,4,1,4,
,,,,,,,,0,1446,5,1,4,
,,,,,,,,0,1447,6,1,4,
,,,,,,,,0,1448,7,1,4,
,,,,,,,,0,1449,8,1,4,
,,,,,,,,0,1450,9,1,4,
,,,,,,,,0,1451,10,1,4,
,,,,,,,,0,1452,1,1,4,
,,,,,,,,0,1453,2,1,4,
,,,,,,,,0,1454,3,1,4,
,,,,,,,,0,1455,4,1,4,
,,,,,,,,0,1456,5,1,4,
,,,,,,,,0,1457,6,1,4,
,,,,,,,,0,1458,7,1,4,
,,,,,,,,0,1459,8,1,4,
,,,,,,,,0,1460,9,1,4,
,,,,,,,,0,1461,10,1,4,
,,,,,,,,0,1486,1,1,4,
,,,,,,,,0,1487,2,1,4,
,,,,,,,,0,1488,3,1,4,
,,,,,,,,0,1489,4,1,4,
,,,,,,,,0,1490,5,1,4,
,,,,,,,,0,1491,6,1,4,
,,,,,,,,0,1492,7,1,4,
,,,,,,,,0,1493,8,1,4,
,,,,,,,,0,1494,9,1,4,
,,,,,,,,0,1495,10,1,4,
,,,,,,,,0,1496,1,1,4,
,,,,,,,,0,1497,2,1,4,
,,,,,,,,0,1498,3,1,4,
,,,,,,,,0,1499,4,1,4,
,,,,,,,,0,1500,5,1,4,
,,,,,,,,0,1501,6,1,4,
,,,,,,,,0,1502,7,1,4,
,,,,,,,,0,1503,8,1,4,
,,,,,,,,0,1504,9,1,4,
,,,,,,,,0,1505,10,1,4,
,,,,,,,,0,1530,1,1,4,
,,,,,,,,0,1531,2,1,4,
,,,,,,,,0,1532,3,1,4,
,,,,,,,,0,1533,4,1,4,
,,,,,,,,0,1534,5,1,4,
,,,,,,,,0,1535,6,1,4,
,,,,,,,,0,1536,7,1,4,
,,,,,,,,0,1537,8,1,4,
,,,,,,,,0,1538,9,1,4,
,,,,,,,,0,1539,10,1,4,
,,,,,,,,0,1540,1,1,4,
,,,,,,,,0,1541,2,1,4,
,,,,,,,,0,1542,3,1,4,
,,,,,,,,0,1543,4,1,4,
,,,,,,,,0,1544,5,1,4,
,,,,,,,,0,1545,6,1,4,
,,,,,,,,0,1546,7,1,4,
,,,,,,,,0,1547,8,1,4,
,,,,,,,,0,1548,9,1,4,
,,,,,,,,0,1549,10,1,4,
,,,,,,,,0,1574,1,1,4,
,,,,,,,,0,1575,2,1,4,
,,,,,,,,0,1576,3,1,4,
,,,,,,,,0,1577,4,1,4,
,,,,,,,,0,1578,5,1,4,
,,,,,,,,0,1579,6,1,4,
,,,,,,,,0,1580,7,1,4,
,,,,,,,,0,1581,8,1,4,
,,,,,,,,0,1582,9,1,4,
,,,,,,,,0,1583,10,1,4,
,,,,,,,,0,1584,1,1,4,
,,,,,,,,0,1585,2,1,4,
,,,,,,,,0,1586,3,1,4,
,,,,,,,,0,1587,4,1,4,
,,,,,,,,0,1588,5,1,4,
,,,,,,,,0,1589,6,1,4,
,,,,,,,,0,1590,7,1,4,
,,,,,,,,0,1591,8,1,4,
,,,,,,,,0,1592,9,1,4,
,,,,,,,,0,1593,10,1,4,
,,,,,,,,0,1618,1,1,4,
,,,,,,,,0,1619,2,1,4,
,,,,,,,,0,1620,3,1,4,
,,,,,,,,0,1621,4,1,4,
,,,,,,,,0,1622,5,1,4,
,,,,,,,,0,1623,6,1,4,
,,,,,,,,0,1624,7,1,4,
,,,,,,,,0,1625,8,1,4,
,,,,,,,,0,1626,9,1,4,
,,,,,,,,0,1627,10,1,4,
,,,,,,,,0,1628,1,1,4,
,,,,,,,,0,1629,2,1,4,
,,,,,,,,0,1630,3,1,4,
,,,,,,,,0,1631,4,1,4,
,,,,,,,,0,1632,5,1,4,
,,,,,,,,0,1633,6,1,4,
,,,,,,,,0,1634,7,1,4,
,,,,,,,,0,1635,8,1,4,
,,,,,,,,0,1636,9,1,4,
,,,,,,,,0,1637,10,1,4,
,,,,,,,,0,1662,1,1,4,
,,,,,,,,0,1663,2,1,4,
,,,,,,,,0,1664,3,1,4,
,,,,,,,,0,1665,4,1,4,
,,,,,,,,0,1666,5,1,4,
,,,,,,,,0,1667,6,1,4,
,,,,,,,,0,1668,7,1,4,
,,,,,,,,0,1669,8,1,4,
,,,,,,,,0,1670,9,1,4,
,,,,,,,,0,1671,10,1,4,
,,,,,,,,0,1672,1,1,4,
,,,,,,,,0,1673,2,1,4,
,,,,,,,,0,1674,3,1,4,
,,,,,,,,0,1675,4,1,4,
,,,,,,,,0,1676,5,1,4,
,,,,,,,,0,1677,6,1,4,
,,,,,,,,0,1678,7,1,4,
,,,,,,,,0,1679,8,1,4,
,,,,,,,,0,1680,9,1,4,
,,,,,,,,0,1681,10,1,4,
,,,,,,,,0,1706,1,1,4,
,,,,,,,,0,1707,2,1,4,
,,,,,,,,0,1708,3,1,4,
,,,,,,,,0,1709,4,1,4,
,,,,,,,,0,1710,5,1,4,
,,,,,,,,0,1711,6,1,4,
,,,,,,,,0,1712,7,1,4,
,,,,,,,,0,1713,8,1,4,
,,,,,,,,0,1714,9,1,4,
,,,,,,,,0,1715,10,1,4,
,,,,,,,,0,1716,1,1,4,
,,,,,,,,0,1717,2,1,4,
,,,,,,,,0,1718,3,1,4,
,,,,,,,,0,1719,4,1,4,
,,,,,,,,0,1720,5,1,4,
,,,,,,,,0,1721,6,1,4,
,,,,,,,,0,1722,7,1,4,
,,,,,,,,0,1723,8,1,4,
,,,,,,,,0,1724,9,1,4,
,,,,,,,,0,1725,10,1,4,
,,,,,,,,0,1750,1,1,4,
,,,,,,,,0,1751,2,1,4,
,,,,,,,,0,1752,3,1,4,
,,,,,,,,0,1753,4,1,4,
,,,,,,,,0,1754,5,1,4,
,,,,,,,,0,1755,6,1,4,
,,,,,,,,0,1756,7,1,4,
,,,,,,,,0,1757,8,1,4,
,,,,,,,,0,1758,9,1,4,
,,,,,,,,0,1759,10,1,4,
,,,,,,,,0,1760,1,1,4,
,,,,,,,,0,1761,2,1,4,
,,,,,,,,0,1762,3,1,4,
,,,,,,,,0,1763,4,1,4,
,,,,,,,,0,1764,5,1,4,
,,,,,,,,0,1765,6,1,4,
,,,,,,,,0,1766,7,1,4,
,,,,,,,,0,1767,8,1,4,
,,,,,,,,0,1768,9,1,4,
,,,,,,,,0,1769,10,1,4,
,,,,,,,,0,1794,1,1,4,
,,,,,,,,0,1795,2,1,4,
,,,,,,,,0,1796,3,1,4,
,,,,,,,,0,1797,4,1,4,
,,,,,,,,0,1798,5,1,4,
,,,,,,,,0,1799,6,1,4,
,,,,,,,,0,1800,7,1,4,
,,,,,,,,0,1801,8,1,4,
,,,,,,,,0,1802,9,1,4,
,,,,,,,,0,1803,10,1,4,
,,,,,,,,0,1804,1,1,4,
,,,,,,,,0,1805,2,1,4,
,,,,,,,,0,1806,3,1,4,
,,,,,,,,0,1807,4,1,4,
,,,,,,,,0,1808,5,1,4,
,,,,,,,,0,1809,6,1,4,
,,,,,,,,0,1810,7,1,4,
,,,,,,,,0,1811,8,1,4,
,,,,,,,,0,1812,9,1,4,
,,,,,,,,0,1813,10,1,4,
,,,,,,,,0,1838,1,1,4,
,,,,,,,,0,1839,2,1,4,
,,,,,,,,0,1840,3,1,4,
,,,,,,,,0,1841,4,1,4,
,,,,,,,,0,1842,5,1,4,
,,,,,,,,0,1843,6,1,4,
,,,,,,,,0,1844,7,1,4,
,,,,,,,,0,1845,8,1,4,
,,,,,,,,0,1846,9,1,4,
,,,,,,,,0,1847,10,1,4,
,,,,,,,,0,1848,1,1,4,
,,,,,,,,0,1849,2,1,4,
,,,,,,,,0,1850,3,1,4,
,,,,,,,,0,1851,4,1,4,
,,,,,,,,0,1852,5,1,4,
,,,,,,,,0,1853,6,1,4,
,,,,,,,,0,1854,7,1,4,
,,,,,,,,0,1855,8,1,4,
,,,,,,,,0,1856,9,1,4,
,,,,,,,,0,1857,10,1,4,
,,,,,,,,0,1882,1,1,4,
,,,,,,,,0,1883,2,1,4,
,,,,,,,,0,1884,3,1,4,
,,,,,,,,0,1885,4,1,4,
,,,,,,,,0,1886,5,1,4,
,,,,,,,,0,1887,6,1,4,
,,,,,,,,0,1888,7,1,4,
,,,,,,,,0,1889,8,1,4,
,,,,,,,,0,1890,9,1,4,
,,,,,,,,0,1891,10,1,4,
,,,,,,,,0,1892,1,1,4,
,,,,,,,,0,1893,2,1,4,
,,,,,,,,0,1894,3,1,4,
,,,,,,,,0,1895,4,1,4,
,,,,,,,,0,1896,5,1,4,
,,,,,,,,0,1897,6,1,4,
,,,,,,,,0,1898,7,1,4,
,,,,,,,,0,1899,8,1,4,
,,,,,,,,0,1900,9,1,4,
,,,,,,,,0,1901,10,1,4,
,,,,,,,,0,1926,1,1,4,
,,,,,,,,0,1927,2,1,4,
,,,,,,,,0,1928,3,1,4,
,,,,,,,,0,1929,4,1,4,
,,,,,,,,0,1930,5,1,4,
,,,,,,,,0,1931,6,1,4,
,,,,,,,,0,1932,7,1,4,
,,,,,,,,0,1933,8,1,4,
,,,,,,,,0,1934,9,1,4,
,,,,,,,,0,1935,10,1,4,
,,,,,,,,0,1936,1,1,4,
,,,,,,,,0,1937,2,1,4,
,,,,,,,,0,1938,3,1,4,
,,,,,,,,0,1939,4,1,4,
,,,,,,,,0,1940,5,1,4,
,,,,,,,,0,1941,6,1,4,
,,,,,,,,0,1942,7,1,4,
,,,,,,,,0,1943,8,1,4,
,,,,,,,,0,1944,9,1,4,
,,,,,,,,0,1945,10,1,4,
,,,,,,,,0,1970,1,1,4,
,,,,,,,,0,1971,2,1,4,
,,,,,,,,0,1972,3,1,4,
,,,,,,,,0,1973,4,1,4,
,,,,,,,,0,1974,5,1,4,
,,,,,,,,0,1975,6,1,4,
,,,,,,,,0,1976,7,1,4,
,,,,,,,,0,1977,8,1,4,
,,,,,,,,0,1978,9,1,4,
,,,,,,,,0,1979,10,1,4,
,,,,,,,,0,1980,1,1,4,
,,,,,,,,0,1981,2,1,4,
,,,,,,,,0,1982,3,1,4,
,,,,,,,,0,1983,4,1,4,
,,,,,,,,0,1984,5,1,4,
,,,,,,,,0,1985,6,1,4,
,,,,,,,,0,1986,7,1,4,
,,,,,,,,0,1987,8,1,4,
,,,,,,,,0,1988,9,1,4,
,,,,,,,,0,1989,10,1,4,
,,,,,,,,0,2014,1,1,4,
,,,,,,,,0,2015,2,1,4,
,,,,,,,,0,2016,3,1,4,
,,,,,,,,0,2017,4,1,4,
,,,,,,,,0,2018,5,1,4,
,,,,,,,,0,2019,6,1,4,
,,,,,,,,0,2020,7,1,4,
,,,,,,,,0,2021,8,1,4,
,,,,,,,,0,2022,9,1,4,
,,,,,,,,0,2023,10,1,4,
,,,,,,,,0,2024,1,1,4,
,,,,,,,,0,2025,2,1,4,
,,,,,,,,0,2026,3,1,4,
,,,,,,,,0,2027,4,1,4,
,,,,,,,,0,2028,5,1,4,
,,,,,,,,0,2029,6,1,4,
,,,,,,,,0,2030,7,1,4,
,,,,,,,,0,2031,8,1,4,
,,,,,,,,0,2032,9,1,4,
,,,,,,,,0,2033,10,1,4,
,,,,,,,,0,2058,1,1,4,
,,,,,,,,0,2059,2,1,4,
,,,,,,,,0,2060,3,1,4,
,,,,,,,,0,2061,4,1,4,
,,,,,,,,0,2062,5,1,4,
,,,,,,,,0,2063,6,1,4,
,,,,,,,,0,2064,7,1,4,
,,,,,,,,0,2065,8,1,4,
,,,,,,,,0,2066,9,1,4,
,,,,,,,,0,2067,10,1,4,
,,,,,,,,0,2068,1,1,4,
,,,,,,,,0,2069,2,1,4,
,,,,,,,,0,2070,3,1,4,
,,,,,,,,0,2071,4,1,4,
,,,,,,,,0,2072,5,1,4,
,,,,,,,,0,2073,6,1,4,
,,,,,,,,0,2074,7,1,4,
,,,,,,,,0,2075,8,1,4,
,,,,,,,,0,2076,9,1,4,
,,,,,,,,0,2077,10,1,4,
,,,,,,,,0,2102,1,1,4,
,,,,,,,,0,2103,2,1,4,
,,,,,,,,0,2104,3,1,4,
,,,,,,,,0,2105,4,1,4,
,,,,,,,,0,2106,5,1,4,
,,,,,,,,0,2107,6,1,4,
,,,,,,,,0,2108,7,1,4,
,,,,,,,,0,2109,8,1,4,
,,,,,,,,0,2110,9,1,4,
,,,,,,,,0,2111,10,1,4,
,,,,,,,,0,2112,1,1,4,
,,,,,,,,0,2113,2,1,4,
,,,,,,,,0,2114,3,1,4,
,,,,,,,,0,2115,4,1,4,
,,,,,,,,0,2116,5,1,4,
,,,,,,,,0,2117,6,1,4,
,,,,,,,,0,2118,7,1,4,
,,,,,,,,0,2119,8,1,4,
,,,,,,,,0,2120,9,1,4,
,,,,,,,,0,2121,10,1,4,
,,,,,,,,0,2146,1,1,4,
,,,,,,,,0,2147,2,1,4,
,,,,,,,,0,2148,3,1,4,
,,,,,,,,0,2149,4,1,4,
,,,,,,,,0,2150,5,1,4,
,,,,,,,,0,2151,6,1,4,
,,,,,,,,0,2152,7,1,4,
,,,,,,,,0,2153,8,1,4,
,,,,,,,,0,2154,9,1,4,
,,,,,,,,0,2155,10,1,4,
,,,,,,,,0,2156,1,1,4,
,,,,,,,,0,2157,2,1,4,
,,,,,,,,0,2158,3,1,4,
,,,,,,,,0,2159,4,1,4,
,,,,,,,,0,2160,5,1,4,
,,,,,,,,0,2161,6,1,4,
,,,,,,,,0,2162,7,1,4,
,,,,,,,,0,2163,8,1,4,
,,,,,,,,0,2164,9,1,4,
,,,,,,,,0,2165,10,1,4,
,,,,,,,,0,35,1,2,0,
,,,,,,,,0,36,2,2,0,
,,,,,,,,0,37,3,2,0,
,,,,,,,,0,38,4,2,0,
,,,,,,,,0,39,5,2,0,
,,,,,,,,0,40,6,2,0,
,,,,,,,,0,41,7,2,0,
,,,,,,,,0,42,8,2,0,
,,,,,,,,0,43,9,2,0,
,,,,,,,,0,44,10,2,0,
,,,,,,,,0,46,1,2,0,
,,,,,,,,0,47,2,2,0,
,,,,,,,,0,48,3,2,0,
,,,,,,,,0,49,4,2,0,
,,,,,,,,0,50,5,2,0,
,,,,,,,,0,51,6,2,0,
,,,,,,,,0,52,7,2,0,
,,,,,,,,0,53,8,2,0,
,,,,,,,,0,54,9,2,0,
,,,,,,,,0,55,10,2,0,
,,,,,,,,0,57,1,2,0,
,,,,,,,,0,58,2,2,0,
,,,,,,,,0,59,3,2,0,
,,,,,,,,0,60,4,2,0,
,,,,,,,,0,61,5,2,0,
,,,,,,,,0,62,6,2,0,
,,,,,,,,0,63,7,2,0,
,,,,,,,,0,64,8,2,0,
,,,,,,,,0,65,9,2,0,
,,,,,,,,0,66,10,2,0,
,,,,,,,,0,90,1,2,0,
,,,,,,,,0,91,2,2,0,
,,,,,,,,0,92,3,2,0,
,,,,,,,,0,93,4,2,0,
,,,,,,,,0,94,5,2,0,
,,,,,,,,0,95,6,2,0,
,,,,,,,,0,96,7,2,0,
,,,,,,,,0,97,8,2,0,
,,,,,,,,0,98,9,2,0,
,,,,,,,,0,99,10,2,0,
,,,,,,,,0,110,1,2,2,
,,,,,,,,0,111,2,2,2,
,,,,,,,,0,112,3,2,2,
,,,,,,,,0,113,4,2,2,
,,,,,,,,0,114,5,2,2,
,,,,,,,,0,115,6,2,2,
,,,,,,,,0,116,7,2,2,
,,,,,,,,0,117,8,2,2,
,,,,,,,,0,118,9,2,2,
,,,,,,,,0,119,10,2,2,
,,,,,,,,0,121,1,2,2,
,,,,,,,,0,122,2,2,2,
,,,,,,,,0,123,3,2,2,
,,,,,,,,0,124,4,2,2,
,,,,,,,,0,125,5,2,2,
,,,,,,,,0,126,6,2,2,
,,,,,,,,0,127,7,2,2,
,,,,,,,,0,128,8,2,2,
,,,,,,,,0,129,9,2,2,
,,,,,,,,0,130,10,2,2,
,,,,,,,,0,132,1,2,2,
,,,,,,,,0,133,2,2,2,
,,,,,,,,0,134,3,2,2,
,,,,,,,,0,135,4,2,2,
,,,,,,,,0,136,5,2,2,
,,,,,,,,0,137,6,2,2,
,,,,,,,,0,138,7,2,2,
,,,,,,,,0,139,8,2,2,
,,,,,,,,0,140,9,2,2,
,,,,,,,,0,141,10,2,2,
,,,,,,,,0,143,1,2,3,
,,,,,,,,0,144,2,2,3,
,,,,,,,,0,145,3,2,3,
,,,,,,,,0,146,4,2,3,
,,,,,,,,0,147,5,2,3,
,,,,,,,,0,148,6,2,3,
,,,,,,,,0,149,7,2,3,
,,,,,,,,0,150,8,2,3,
,,,,,,,,0,151,9,2,3,
,,,,,,,,0,152,10,2,3,
,,,,,,,,0,154,1,2,3,
,,,,,,,,0,155,2,2,3,
,,,,,,,,0,156,3,2,3,
,,,,,,,,0,157,4,2,3,
,,,,,,,,0,158,5,2,3,
,,,,,,,,0,159,6,2,3,
,,,,,,,,0,160,7,2,3,
,,,,,,,,0,161,8,2,3,
,,,,,,,,0,162,9,2,3,
,,,,,,,,0,163,10,2,3,
,,,,,,,,0,165,1,2,2,
,,,,,,,,0,166,2,2,2,
,,,,,,,,0,167,3,2,2,
,,,,,,,,0,168,4,2,2,
,,,,,,,,0,169,5,2,2,
,,,,,,,,0,170,6,2,2,
,,,,,,,,0,171,7,2,2,
,,,,,,,,0,172,8,2,2,
,,,,,,,,0,173,9,2,2,
,,,,,,,,0,174,10,2,2,
,,,,,,,,0,175,1,2,3,
,,,,,,,,0,176,2,2,3,
,,,,,,,,0,177,3,2,3,
,,,,,,,,0,178,4,2,3,
,,,,,,,,0,179,5,2,3,
,,,,,,,,0,180,6,2,3,
,,,,,,,,0,181,7,2,3,
,,,,,,,,0,182,8,2,3,
,,,,,,,,0,183,9,2,3,
,,,,,,,,0,184,10,2,3,
,,,,,,,,0,239,1,2,12,
,,,,,,,,0,240,2,2,12,
,,,,,,,,0,241,3,2,12,
,,,,,,,,0,242,4,2,12,
,,,,,,,,0,243,5,2,12,
,,,,,,,,0,244,6,2,12,
,,,,,,,,0,245,7,2,12,
,,,,,,,,0,246,8,2,12,
,,,,,,,,0,247,9,2,12,
,,,,,,,,0,248,10,2,12,
,,,,,,,,0,249,11,2,12,
,,,,,,,,0,250,12,2,12,
,,,,,,,,0,251,13,2,12,
,,,,,,,,0,252,14,2,12,
,,,,,,,,0,253,15,2,12,
,,,,,,,,0,254,16,2,12,
,,,,,,,,0,255,17,2,12,
,,,,,,,,0,256,18,2,12,
,,,,,,,,0,257,19,2,12,
,,,,,,,,0,258,20,2,12,
,,,,,,,,0,259,21,2,12,
,,,,,,,,0,260,22,2,12,
,,,,,,,,0,261,23,2,12,
,,,,,,,,0,262,24,2,12,
,,,,,,,,0,263,25,2,12,
,,,,,,,,0,264,26,2,12,
,,,,,,,,0,265,27,2,12,
,,,,,,,,0,266,28,2,12,
,,,,,,,,0,267,29,2,12,
,,,,,,,,0,268,30,2,12,
,,,,,,,,0,270,1,2,13,
,,,,,,,,0,271,2,2,13,
,,,,,,,,0,272,3,2,13,
,,,,,,,,0,273,4,2,13,
,,,,,,,,0,274,5,2,13,
,,,,,,,,0,275,6,2,13,
,,,,,,,,0,276,7,2,13,
,,,,,,,,0,277,8,2,13,
,,,,,,,,0,278,9,2,13,
,,,,,,,,0,279,10,2,13,
,,,,,,,,0,280,11,2,13,
,,,,,,,,0,281,12,2,13,
,,,,,,,,0,282,13,2,13,
,,,,,,,,0,283,14,2,13,
,,,,,,,,0,284,15,2,13,
,,,,,,,,0,285,16,2,13,
,,,,,,,,0,286,17,2,13,
,,,,,,,,0,287,18,2,13,
,,,,,,,,0,288,19,2,13,
,,,,,,,,0,289,20,2,13,
,,,,,,,,0,290,21,2,13,
,,,,,,,,0,291,22,2,13,
,,,,,,,,0,292,23,2,13,
,,,,,,,,0,293,24,2,13,
,,,,,,,,0,294,25,2,13,
,,,,,,,,0,295,26,2,13,
,,,,,,,,0,296,27,2,13,
,,,,,,,,0,297,28,2,13,
,,,,,,,,0,298,29,2,13,
,,,,,,,,0,299,30,2,13,
,,,,,,,,0,334,1,2,5,
,,,,,,,,0,335,2,2,5,
,,,,,,,,0,336,3,2,5,
,,,,,,,,0,337,4,2,5,
,,,,,,,,0,338,5,2,5,
,,,,,,,,0,339,6,2,5,
,,,,,,,,0,340,7,2,5,
,,,,,,,,0,341,8,2,5,
,,,,,,,,0,342,9,2,5,
,,,,,,,,0,343,10,2,5,
,,,,,,,,0,344,1,2,5,
,,,,,,,,0,345,2,2,5,
,,,,,,,,0,346,3,2,5,
,,,,,,,,0,347,4,2,5,
,,,,,,,,0,348,5,2,5,
,,,,,,,,0,349,6,2,5,
,,,,,,,,0,350,7,2,5,
,,,,,,,,0,351,8,2,5,
,,,,,,,,0,352,9,2,5,
,,,,,,,,0,353,10,2,5,
,,,,,,,,0,354,1,2,6,
,,,,,,,,0,355,2,2,6,
,,,,,,,,0,356,3,2,6,
,,,,,,,,0,357,4,2,6,
,,,,,,,,0,358,5,2,6,
,,,,,,,,0,359,6,2,6,
,,,,,,,,0,360,7,2,6,
,,,,,,,,0,361,8,2,6,
,,,,,,,,0,362,9,2,6,
,,,,,,,,0,363,10,2,6,
,,,,,,,,0,364,1,2,6,
,,,,,,,,0,365,2,2,6,
,,,,,,,,0,366,3,2,6,
,,,,,,,,0,367,4,2,6,
,,,,,,,,0,368,5,2,6,
,,,,,,,,0,369,6,2,6,
,,,,,,,,0,370,7,2,6,
,,,,,,,,0,371,8,2,6,
,,,,,,,,0,372,9,2,6,
,,,,,,,,0,373,10,2,6,
,,,,,,,,0,378,1,2,4,
,,,,,,,,0,379,2,2,4,
,,,,,,,,0,380,3,2,4,
,,,,,,,,0,381,4,2,4,
,,,,,,,,0,382,5,2,4,
,,,,,,,,0,383,6,2,4,
,,,,,,,,0,384,7,2,4,
,,,,,,,,0,385,8,2,4,
,,,,,,,,0,386,9,2,4,
,,,,,,,,0,387,10,2,4,
,,,,,,,,0,389,1,2,7,
,,,,,,,,0,390,2,2,7,
,,,,,,,,0,391,3,2,7,
,,,,,,,,0,392,4,2,7,
,,,,,,,,0,393,5,2,7,
,,,,,,,,0,394,6,2,7,
,,,,,,,,0,395,7,2,7,
,,,,,,,,0,396,8,2,7,
,,,,,,,,0,397,9,2,7,
,,,,,,,,0,398,10,2,7,
,,,,,,,,0,476,1,2,14,
,,,,,,,,0,477,2,2,14,
,,,,,,,,0,478,3,2,14,
,,,,,,,,0,479,4,2,14,
,,,,,,,,0,480,5,2,14,
,,,,,,,,0,481,6,2,14,
,,,,,,,,0,482,7,2,14,
,,,,,,,,0,483,8,2,14,
,,,,,,,,0,484,9,2,14,
,,,,,,,,0,485,10,2,14,
,,,,,,,,0,486,11,2,14,
,,,,,,,,0,487,12,2,14,
,,,,,,,,0,488,13,2,14,
,,,,,,,,0,489,14,2,14,
,,,,,,,,0,490,15,2,14,
,,,,,,,,0,491,16,2,14,
,,,,,,,,0,492,17,2,14,
,,,,,,,,0,493,18,2,14,
,,,,,,,,0,494,19,2,14,
,,,,,,,,0,495,20,2,14,
,,,,,,,,0,496,21,2,14,
,,,,,,,,0,497,22,2,14,
,,,,,,,,0,498,23,2,14,
,,,,,,,,0,499,24,2,14,
,,,,,,,,0,500,25,2,14,
,,,,,,,,0,501,26,2,14,
,,,,,,,,0,502,27,2,14,
,,,,,,,,0,503,28,2,14,
,,,,,,,,0,504,29,2,14,
,,,,,,,,0,505,30,2,14,
,,,,,,,,0,506,1,2,14,
,,,,,,,,0,507,2,2,14,
,,,,,,,,0,508,3,2,14,
,,,,,,,,0,509,4,2,14,
,,,,,,,,0,510,5,2,14,
,,,,,,,,0,511,6,2,14,
,,,,,,,,0,512,7,2,14,
,,,,,,,,0,513,8,2,14,
,,,,,,,,0,514,9,2,14,
,,,,,,,,0,515,10,2,14,
,,,,,,,,0,516,11,2,14,
,,,,,,,,0,517,12,2,14,
,,,,,,,,0,518,13,2,14,
,,,,,,,,0,519,14,2,14,
,,,,,,,,0,520,15,2,14,
,,,,,,,,0,521,16,2,14,
,,,,,,,,0,522,17,2,14,
,,,,,,,,0,523,18,2,14,
,,,,,,,,0,524,19,2,14,
,,,,,,,,0,525,20,2,14,
,,,,,,,,0,526,21,2,14,
,,,,,,,,0,527,22,2,14,
,,,,,,,,0,528,23,2,14,
,,,,,,,,0,529,24,2,14,
,,,,,,,,0,530,25,2,14,
,,,,,,,,0,531,26,2,14,
,,,,,,,,0,532,27,2,14,
,,,,,,,,0,533,28,2,14,
,,,,,,,,0,534,29,2,14,
,,,,,,,,0,535,30,2,14,
,,,,,,,,0,536,1,2,11,1
,,,,,,,,0,537,1,2,11,2
,,,,,,,,0,538,1,2,11,3
,,,,,,,,0,539,1,2,11,4
,,,,,,,,0,540,1,2,11,5
,,,,,,,,0,541,1,2,11,6
,,,,,,,,0,542,1,2,11,7
,,,,,,,,0,543,1,2,11,8
,,,,,,,,0,544,1,2,11,9
,,,,,,,,0,545,1,2,11,10
,,,,,,,,0,546,2,2,11,1
,,,,,,,,0,547,2,2,11,2
,,,,,,,,0,548,2,2,11,3
,,,,,,,,0,549,2,2,11,4
,,,,,,,,0,550,2,2,11,5
,,,,,,,,0,551,2,2,11,6
,,,,,,,,0,552,2,2,11,7
,,,,,,,,0,553,2,2,11,8
,,,,,,,,0,554,2,2,11,9
,,,,,,,,0,555,2,2,11,10
,,,,,,,,0,556,3,2,11,1
,,,,,,,,0,557,3,2,11,2
,,,,,,,,0,558,3,2,11,3
,,,,,,,,0,559,3,2,11,4
,,,,,,,,0,560,3,2,11,5
,,,,,,,,0,561,3,2,11,6
,,,,,,,,0,562,3,2,11,7
,,,,,,,,0,563,3,2,11,8
,,,,,,,,0,564,3,2,11,9
,,,,,,,,0,565,3,2,11,10
,,,,,,,,0,566,4,2,11,1
,,,,,,,,0,567,4,2,11,2
,,,,,,,,0,568,4,2,11,3
,,,,,,,,0,569,4,2,11,4
,,,,,,,,0,570,4,2,11,5
,,,,,,,,0,571,4,2,11,6
,,,,,,,,0,572,4,2,11,7
,,,,,,,,0,573,4,2,11,8
,,,,,,,,0,574,4,2,11,9
,,,,,,,,0,575,4,2,11,10
,,,,,,,,0,576,5,2,11,1
,,,,,,,,0,577,5,2,11,2
,,,,,,,,0,578,5,2,11,3
,,,,,,,,0,579,5,2,11,4
,,,,,,,,0,580,5,2,11,5
,,,,,,,,0,581,5,2,11,6
,,,,,,,,0,582,5,2,11,7
,,,,,,,,0,583,5,2,11,8
,,,,,,,,0,584,5,2,11,9
,,,,,,,,0,585,5,2,11,10
,,,,,,,,0,589,1,2,8,
,,,,,,,,0,590,2,2,8,
,,,,,,,,0,591,3,2,8,
,,,,,,,,0,592,4,2,8,
,,,,,,,,0,593,5,2,8,
,,,,,,,,0,594,6,2,8,
,,,,,,,,0,595,7,2,8,
,,,,,,,,0,596,8,2,8,
,,,,,,,,0,597,9,2,8,
,,,,,,,,0,598,10,2,8,
,,,,,,,,0,599,11,2,8,
,,,,,,,,0,600,12,2,8,
,,,,,,,,0,601,13,2,8,
,,,,,,,,0,602,14,2,8,
,,,,,,,,0,603,15,2,8,
,,,,,,,,0,604,16,2,8,
,,,,,,,,0,605,17,2,8,
,,,,,,,,0,606,18,2,8,
,,,,,,,,0,607,19,2,8,
,,,,,,,,0,608,20,2,8,
,,,,,,,,0,609,21,2,8,
,,,,,,,,0,610,22,2,8,
,,,,,,,,0,611,23,2,8,
,,,,,,,,0,612,24,2,8,
,,,,,,,,0,613,25,2,8,
,,,,,,,,0,614,26,2,8,
,,,,,,,,0,615,27,2,8,
,,,,,,,,0,616,28,2,8,
,,,,,,,,0,617,29,2,8,
,,,,,,,,0,618,30,2,8,
,,,,,,,,0,619,31,2,8,
,,,,,,,,0,620,32,2,8,
,,,,,,,,0,621,33,2,8,
,,,,,,,,0,622,34,2,8,
,,,,,,,,0,623,35,2,8,
,,,,,,,,0,624,36,2,8,
,,,,,,,,0,625,37,2,8,
,,,,,,,,0,626,38,2,8,
,,,,,,,,0,627,39,2,8,
,,,,,,,,0,628,40,2,8,
,,,,,,,,0,629,41,2,8,
,,,,,,,,0,630,42,2,8,
,,,,,,,,0,631,43,2,8,
,,,,,,,,0,632,44,2,8,
,,,,,,,,0,633,45,2,8,
,,,,,,,,0,634,46,2,8,
,,,,,,,,0,635,47,2,8,
,,,,,,,,0,636,48,2,8,
,,,,,,,,0,637,49,2,8,
,,,,,,,,0,638,50,2,8,
,,,,,,,,0,639,51,2,8,
,,,,,,,,0,640,52,2,8,
,,,,,,,,0,641,53,2,8,
,,,,,,,,0,642,54,2,8,
,,,,,,,,0,643,55,2,8,
,,,,,,,,0,644,56,2,8,
,,,,,,,,0,645,57,2,8,
,,,,,,,,0,646,58,2,8,
,,,,,,,,0,647,59,2,8,
,,,,,,,,0,648,60,2,8,
,,,,,,,,0,649,61,2,8,
,,,,,,,,0,650,62,2,8,
,,,,,,,,0,651,63,2,8,
,,,,,,,,0,652,64,2,8,
,,,,,,,,0,653,65,2,8,
,,,,,,,,0,654,66,2,8,
,,,,,,,,0,655,67,2,8,
,,,,,,,,0,656,68,2,8,
,,,,,,,,0,657,69,2,8,
,,,,,,,,0,658,70,2,8,
,,,,,,,,0,659,71,2,8,
,,,,,,,,0,660,72,2,8,
,,,,,,,,0,661,73,2,8,
,,,,,,,,0,662,74,2,8,
,,,,,,,,0,663,75,2,8,
,,,,,,,,0,664,76,2,8,
,,,,,,,,0,665,77,2,8,
,,,,,,,,0,666,78,2,8,
,,,,,,,,0,667,79,2,8,
,,,,,,,,0,668,80,2,8,
,,,,,,,,0,669,81,2,8,
,,,,,,,,0,670,82,2,8,
,,,,,,,,0,671,83,2,8,
,,,,,,,,0,672,84,2,8,
,,,,,,,,0,673,85,2,8,
,,,,,,,,0,674,86,2,8,
,,,,,,,,0,675,87,2,8,
,,,,,,,,0,676,88,2,8,
,,,,,,,,0,677,89,2,8,
,,,,,,,,0,678,90,2,8,
,,,,,,,,0,679,91,2,8,
,,,,,,,,0,680,92,2,8,
,,,,,,,,0,681,93,2,8,
,,,,,,,,0,682,94,2,8,
,,,,,,,,0,683,95,2,8,
,,,,,,,,0,684,96,2,8,
,,,,,,,,0,685,97,2,8,
,,,,,,,,0,686,98,2,8,
,,,,,,,,0,687,99,2,8,
,,,,,,,,0,688,100,2,8,
,,,,,,,,0,840,1,2,15,
,,,,,,,,0,841,1,2,15,
,,,,,,,,0,845,1,2,15,
,,,,,,,,0,846,1,2,15,
,,,,,,,,0,849,1,2,15,
,,,,,,,,0,851,1,2,15,
,,,,,,,,0,852,1,2,15,
,,,,,,,,0,853,1,2,15,
,,,,,,,,0,857,1,2,15,
,,,,,,,,0,858,1,2,15,
,,,,,,,,0,861,2,2,15,
,,,,,,,,0,862,2,2,15,
,,,,,,,,0,866,2,2,15,
,,,,,,,,0,867,2,2,15,
,,,,,,,,0,870,2,2,15,
,,,,,,,,0,872,2,2,15,
,,,,,,,,0,873,2,2,15,
,,,,,,,,0,874,2,2,15,
,,,,,,,,0,878,2,2,15,
,,,,,,,,0,879,2,2,15,
,,,,,,,,0,882,3,2,15,
,,,,,,,,0,883,3,2,15,
,,,,,,,,0,887,3,2,15,
,,,,,,,,0,888,3,2,15,
,,,,,,,,0,891,3,2,15,
,,,,,,,,0,893,3,2,15,
,,,,,,,,0,894,3,2,15,
,,,,,,,,0,895,3,2,15,
,,,,,,,,0,899,3,2,15,
,,,,,,,,0,900,3,2,15,
,,,,,,,,0,903,4,2,15,
,,,,,,,,0,904,4,2,15,
,,,,,,,,0,908,4,2,15,
,,,,,,,,0,909,4,2,15,
,,,,,,,,0,912,4,2,15,
,,,,,,,,0,914,4,2,15,
,,,,,,,,0,915,4,2,15,
,,,,,,,,0,916,4,2,15,
,,,,,,,,0,920,4,2,15,
,,,,,,,,0,921,4,2,15,
,,,,,,,,0,924,5,2,15,
,,,,,,,,0,925,5,2,15,
,,,,,,,,0,929,5,2,15,
,,,,,,,,0,930,5,2,15,
,,,,,,,,0,933,5,2,15,
,,,,,,,,0,935,5,2,15,
,,,,,,,,0,936,5,2,15,
,,,,,,,,0,937,5,2,15,
,,,,,,,,0,941,5,2,15,
,,,,,,,,0,942,5,2,15,
,,,,,,,,0,945,6,2,15,
,,,,,,,,0,946,6,2,15,
,,,,,,,,0,950,6,2,15,
,,,,,,,,0,951,6,2,15,
,,,,,,,,0,954,6,2,15,
,,,,,,,,0,956,6,2,15,
,,,,,,,,0,957,6,2,15,
,,,,,,,,0,958,6,2,15,
,,,,,,,,0,962,6,2,15,
,,,,,,,,0,963,6,2,15,
,,,,,,,,0,966,7,2,15,
,,,,,,,,0,967,7,2,15,
,,,,,,,,0,971,7,2,15,
,,,,,,,,0,972,7,2,15,
,,,,,,,,0,975,7,2,15,
,,,,,,,,0,977,7,2,15,
,,,,,,,,0,978,7,2,15,
,,,,,,,,0,979,7,2,15,
,,,,,,,,0,983,7,2,15,
,,,,,,,,0,984,7,2,15,
,,,,,,,,0,987,8,2,15,
,,,,,,,,0,988,8,2,15,
,,,,,,,,0,992,8,2,15,
,,,,,,,,0,993,8,2,15,
,,,,,,,,0,996,8,2,15,
,,,,,,,,0,998,8,2,15,
,,,,,,,,0,999,8,2,15,
,,,,,,,,0,1000,8,2,15,
,,,,,,,,0,1004,8,2,15,
,,,,,,,,0,1005,8,2,15,
,,,,,,,,0,1008,9,2,15,
,,,,,,,,0,1009,9,2,15,
,,,,,,,,0,1013,9,2,15,
,,,,,,,,0,1014,9,2,15,
,,,,,,,,0,1017,9,2,15,
,,,,,,,,0,1019,9,2,15,
,,,,,,,,0,1020,9,2,15,
,,,,,,,,0,1021,9,2,15,
,,,,,,,,0,1025,9,2,15,
,,,,,,,,0,1026,9,2,15,
,,,,,,,,0,1029,10,2,15,
,,,,,,,,0,1030,10,2,15,
,,,,,,,,0,1034,10,2,15,
,,,,,,,,0,1035,10,2,15,
,,,,,,,,0,1038,10,2,15,
,,,,,,,,0,1040,10,2,15,
,,,,,,,,0,1041,10,2,15,
,,,,,,,,0,1042,10,2,15,
,,,,,,,,0,1046,10,2,15,
,,,,,,,,0,1047,10,2,15,
,,,,,,,,0,1050,11,2,15,
,,,,,,,,0,1051,11,2,15,
,,,,,,,,0,1055,11,2,15,
,,,,,,,,0,1056,11,2,15,
,,,,,,,,0,1059,11,2,15,
,,,,,,,,0,1061,11,2,15,
,,,,,,,,0,1062,11,2,15,
,,,,,,,,0,1063,11,2,15,
,,,,,,,,0,1067,11,2,15,
,,,,,,,,0,1068,11,2,15,
,,,,,,,,0,1071,12,2,15,
,,,,,,,,0,1072,12,2,15,
,,,,,,,,0,1076,12,2,15,
,,,,,,,,0,1077,12,2,15,
,,,,,,,,0,1080,12,2,15,
,,,,,,,,0,1082,12,2,15,
,,,,,,,,0,1083,12,2,15,
,,,,,,,,0,1084,12,2,15,
,,,,,,,,0,1088,12,2,15,
,,,,,,,,0,1089,12,2,15,
,,,,,,,,0,1092,13,2,15,
,,,,,,,,0,1093,13,2,15,
,,,,,,,,0,1097,13,2,15,
,,,,,,,,0,1098,13,2,15,
,,,,,,,,0,1101,13,2,15,
,,,,,,,,0,1103,13,2,15,
,,,,,,,,0,1104,13,2,15,
,,,,,,,,0,1105,13,2,15,
,,,,,,,,0,1109,13,2,15,
,,,,,,,,0,1110,13,2,15,
,,,,,,,,0,1113,14,2,15,
,,,,,,,,0,1114,14,2,15,
,,,,,,,,0,1118,14,2,15,
,,,,,,,,0,1119,14,2,15,
,,,,,,,,0,1122,14,2,15,
,,,,,,,,0,1124,14,2,15,
,,,,,,,,0,1125,14,2,15,
,,,,,,,,0,1126,14,2,15,
,,,,,,,,0,1130,14,2,15,
,,,,,,,,0,1131,14,2,15,
,,,,,,,,0,1134,15,2,15,
,,,,,,,,0,1135,15,2,15,
,,,,,,,,0,1139,15,2,15,
,,,,,,,,0,1140,15,2,15,
,,,,,,,,0,1143,15,2,15,
,,,,,,,,0,1145,15,2,15,
,,,,,,,,0,1146,15,2,15,
,,,,,,,,0,1147,15,2,15,
,,,,,,,,0,1151,15,2,15,
,,,,,,,,0,1152,15,2,15,
,,,,,,,,0,1155,16,2,15,
,,,,,,,,0,1156,16,2,15,
,,,,,,,,0,1160,16,2,15,
,,,,,,,,0,1161,16,2,15,
,,,,,,,,0,1164,16,2,15,
,,,,,,,,0,1166,16,2,15,
,,,,,,,,0,1167,16,2,15,
,,,,,,,,0,1168,16,2,15,
,,,,,,,,0,1172,16,2,15,
,,,,,,,,0,1173,16,2,15,
,,,,,,,,0,1176,17,2,15,
,,,,,,,,0,1177,17,2,15,
,,,,,,,,0,1181,17,2,15,
,,,,,,,,0,1182,17,2,15,
,,,,,,,,0,1185,17,2,15,
,,,,,,,,0,1187,17,2,15,
,,,,,,,,0,1188,17,2,15,
,,,,,,,,0,1189,17,2,15,
,,,,,,,,0,1193,17,2,15,
,,,,,,,,0,1194,17,2,15,
,,,,,,,,0,1197,18,2,15,
,,,,,,,,0,1198,18,2,15,
,,,,,,,,0,1202,18,2,15,
,,,,,,,,0,1203,18,2,15,
,,,,,,,,0,1206,18,2,15,
,,,,,,,,0,1208,18,2,15,
,,,,,,,,0,1209,18,2,15,
,,,,,,,,0,1210,18,2,15,
,,,,,,,,0,1214,18,2,15,
,,,,,,,,0,1215,18,2,15,
,,,,,,,,0,1218,19,2,15,
,,,,,,,,0,1219,19,2,15,
,,,,,,,,0,1223,19,2,15,
,,,,,,,,0,1224,19,2,15,
,,,,,,,,0,1227,19,2,15,
,,,,,,,,0,1229,19,2,15,
,,,,,,,,0,1230,19,2,15,
,,,,,,,,0,1231,19,2,15,
,,,,,,,,0,1235,19,2,15,
,,,,,,,,0,1236,19,2,15,
,,,,,,,,0,1239,20,2,15,
,,,,,,,,0,1240,20,2,15,
,,,,,,,,0,1244,20,2,15,
,,,,,,,,0,1245,20,2,15,
,,,,,,,,0,1248,20,2,15,
,,,,,,,,0,1250,20,2,15,
,,,,,,,,0,1251,20,2,15,
,,,,,,,,0,1252,20,2,15,
,,,,,,,,0,1256,20,2,15,
,,,,,,,,0,1257,20,2,15,
,,,,,,,,0,1288,1,2,12,
,,,,,,,,0,1289,2,2,12,
,,,,,,,,0,1290,3,2,12,
,,,,,,,,0,1291,4,2,12,
,,,,,,,,0,1292,5,2,12,
,,,,,,,,0,1293,6,2,12,
,,,,,,,,0,1294,7,2,12,
,,,,,,,,0,1295,8,2,12,
,,,,,,,,0,1296,9,2,12,
,,,,,,,,0,1297,10,2,12,
,,,,,,,,0,1298,11,2,12,
,,,,,,,,0,1299,12,2,12,
,,,,,,,,0,1300,13,2,12,
,,,,,,,,0,1301,14,2,12,
,,,,,,,,0,1302,15,2,12,
,,,,,,,,0,1303,16,2,12,
,,,,,,,,0,1304,17,2,12,
,,,,,,,,0,1305,18,2,12,
,,,,,,,,0,1306,19,2,12,
,,,,,,,,0,1307,20,2,12,
,,,,,,,,0,1308,21,2,12,
,,,,,,,,0,1309,22,2,12,
,,,,,,,,0,1310,23,2,12,
,,,,,,,,0,1311,24,2,12,
,,,,,,,,0,1312,25,2,12,
,,,,,,,,0,1313,26,2,12,
,,,,,,,,0,1314,27,2,12,
,,,,,,,,0,1315,28,2,12,
,,,,,,,,0,1316,29,2,12,
,,,,,,,,0,1317,30,2,12,
,,,,,,,,0,1319,1,2,13,
,,,,,,,,0,1320,2,2,13,
,,,,,,,,0,1321,3,2,13,
,,,,,,,,0,1322,4,2,13,
,,,,,,,,0,1323,5,2,13,
,,,,,,,,0,1324,6,2,13,
,,,,,,,,0,1325,7,2,13,
,,,,,,,,0,1326,8,2,13,
,,,,,,,,0,1327,9,2,13,
,,,,,,,,0,1328,10,2,13,
,,,,,,,,0,1329,11,2,13,
,,,,,,,,0,1330,12,2,13,
,,,,,,,,0,1331,13,2,13,
,,,,,,,,0,1332,14,2,13,
,,,,,,,,0,1333,15,2,13,
,,,,,,,,0,1334,16,2,13,
,,,,,,,,0,1335,17,2,13,
,,,,,,,,0,1336,18,2,13,
,,,,,,,,0,1337,19,2,13,
,,,,,,,,0,1338,20,2,13,
,,,,,,,,0,1339,21,2,13,
,,,,,,,,0,1340,22,2,13,
,,,,,,,,0,1341,23,2,13,
,,,,,,,,0,1342,24,2,13,
,,,,,,,,0,1343,25,2,13,
,,,,,,,,0,1344,26,2,13,
,,,,,,,,0,1345,27,2,13,
,,,,,,,,0,1346,28,2,13,
,,,,,,,,0,1347,29,2,13,
,,,,,,,,0,1348,30,2,13,
,,,,,,,,0,1364,1,2,1,
,,,,,,,,0,1365,2,2,1,
,,,,,,,,0,1366,3,2,1,
,,,,,,,,0,1367,4,2,1,
,,,,,,,,0,1368,5,2,1,
,,,,,,,,0,1369,6,2,1,
,,,,,,,,0,1370,7,2,1,
,,,,,,,,0,1371,8,2,1,
,,,,,,,,0,1372,9,2,1,
,,,,,,,,0,1373,10,2,1,
,,,,,,,,0,1375,1,2,1,
,,,,,,,,0,1376,2,2,1,
,,,,,,,,0,1377,3,2,1,
,,,,,,,,0,1378,4,2,1,
,,,,,,,,0,1379,5,2,1,
,,,,,,,,0,1380,6,2,1,
,,,,,,,,0,1381,7,2,1,
,,,,,,,,0,1382,8,2,1,
,,,,,,,,0,1383,9,2,1,
,,,,,,,,0,1384,10,2,1,
,,,,,,,,0,1386,1,2,1,
,,,,,,,,0,1387,2,2,1,
,,,,,,,,0,1388,3,2,1,
,,,,,,,,0,1389,4,2,1,
,,,,,,,,0,1390,5,2,1,
,,,,,,,,0,1391,6,2,1,
,,,,,,,,0,1392,7,2,1,
,,,,,,,,0,1393,8,2,1,
,,,,,,,,0,1394,9,2,1,
,,,,,,,,0,1395,10,2,1,
,,,,,,,,0,1398,1,2,10,
,,,,,,,,0,1399,2,2,10,
,,,,,,,,0,1400,3,2,10,
,,,,,,,,0,1401,4,2,10,
,,,,,,,,0,1402,5,2,10,
,,,,,,,,0,1403,6,2,10,
,,,,,,,,0,1404,7,2,10,
,,,,,,,,0,1405,8,2,10,
,,,,,,,,0,1406,9,2,10,
,,,,,,,,0,1407,10,2,10,
,,,,,,,,0,1408,1,2,10,
,,,,,,,,0,1409,2,2,10,
,,,,,,,,0,1410,3,2,10,
,,,,,,,,0,1411,4,2,10,
,,,,,,,,0,1412,5,2,10,
,,,,,,,,0,1413,6,2,10,
,,,,,,,,0,1414,7,2,10,
,,,,,,,,0,1415,8,2,10,
,,,,,,,,0,1416,9,2,10,
,,,,,,,,0,1417,10,2,10,
,,,,,,,,0,1446,1,2,15,
,,,,,,,,0,1447,1,2,15,
,,,,,,,,0,1448,1,2,15,
,,,,,,,,0,1449,1,2,15,
,,,,,,,,0,1450,1,2,15,
,,,,,,,,0,1451,1,2,15,
,,,,,,,,0,1452,1,2,15,
,,,,,,,,0,1453,1,2,15,
,,,,,,,,0,1454,1,2,15,
,,,,,,,,0,1455,1,2,15,
,,,,,,,,0,1456,1,2,15,
,,,,,,,,0,1457,2,2,15,
,,,,,,,,0,1458,2,2,15,
,,,,,,,,0,1459,2,2,15,
,,,,,,,,0,1460,2,2,15,
,,,,,,,,0,1461,2,2,15,
,,,,,,,,0,1462,2,2,15,
,,,,,,,,0,1463,2,2,15,
,,,,,,,,0,1464,2,2,15,
,,,,,,,,0,1465,2,2,15,
,,,,,,,,0,1466,2,2,15,
,,,,,,,,0,1467,2,2,15,
,,,,,,,,0,1468,3,2,15,
,,,,,,,,0,1469,3,2,15,
,,,,,,,,0,1470,3,2,15,
,,,,,,,,0,1471,3,2,15,
,,,,,,,,0,1472,3,2,15,
,,,,,,,,0,1473,3,2,15,
,,,,,,,,0,1474,3,2,15,
,,,,,,,,0,1475,3,2,15,
,,,,,,,,0,1476,3,2,15,
,,,,,,,,0,1477,3,2,15,
,,,,,,,,0,1478,3,2,15,
,,,,,,,,0,1479,4,2,15,
,,,,,,,,0,1480,4,2,15,
,,,,,,,,0,1481,4,2,15,
,,,,,,,,0,1482,4,2,15,
,,,,,,,,0,1483,4,2,15,
,,,,,,,,0,1484,4,2,15,
,,,,,,,,0,1485,4,2,15,
,,,,,,,,0,1486,4,2,15,
,,,,,,,,0,1487,4,2,15,
,,,,,,,,0,1488,4,2,15,
,,,,,,,,0,1489,4,2,15,
,,,,,,,,0,1490,5,2,15,
,,,,,,,,0,1491,5,2,15,
,,,,,,,,0,1492,5,2,15,
,,,,,,,,0,1493,5,2,15,
,,,,,,,,0,1494,5,2,15,
,,,,,,,,0,1495,5,2,15,
,,,,,,,,0,1496,5,2,15,
,,,,,,,,0,1497,5,2,15,
,,,,,,,,0,1498,5,2,15,
,,,,,,,,0,1499,5,2,15,
,,,,,,,,0,1500,5,2,15,
,,,,,,,,0,1501,6,2,15,
,,,,,,,,0,1502,6,2,15,
,,,,,,,,0,1503,6,2,15,
,,,,,,,,0,1504,6,2,15,
,,,,,,,,0,1505,6,2,15,
,,,,,,,,0,1506,6,2,15,
,,,,,,,,0,1507,6,2,15,
,,,,,,,,0,1508,6,2,15,
,,,,,,,,0,1509,6,2,15,
,,,,,,,,0,1510,6,2,15,
,,,,,,,,0,1511,6,2,15,
,,,,,,,,0,1512,7,2,15,
,,,,,,,,0,1513,7,2,15,
,,,,,,,,0,1514,7,2,15,
,,,,,,,,0,1515,7,2,15,
,,,,,,,,0,1516,7,2,15,
,,,,,,,,0,1517,7,2,15,
,,,,,,,,0,1518,7,2,15,
,,,,,,,,0,1519,7,2,15,
,,,,,,,,0,1520,7,2,15,
,,,,,,,,0,1521,7,2,15,
,,,,,,,,0,1522,7,2,15,
,,,,,,,,0,1523,8,2,15,
,,,,,,,,0,1524,8,2,15,
,,,,,,,,0,1525,8,2,15,
,,,,,,,,0,1526,8,2,15,
,,,,,,,,0,1527,8,2,15,
,,,,,,,,0,1528,8,2,15,
,,,,,,,,0,1529,8,2,15,
,,,,,,,,0,1530,8,2,15,
,,,,,,,,0,1531,8,2,15,
,,,,,,,,0,1532,8,2,15,
,,,,,,,,0,1533,8,2,15,
,,,,,,,,0,1534,9,2,15,
,,,,,,,,0,1535,9,2,15,
,,,,,,,,0,1536,9,2,15,
,,,,,,,,0,1537,9,2,15,
,,,,,,,,0,1538,9,2,15,
,,,,,,,,0,1539,9,2,15,
,,,,,,,,0,1540,9,2,15,
,,,,,,,,0,1541,9,2,15,
,,,,,,,,0,1542,9,2,15,
,,,,,,,,0,1543,9,2,15,
,,,,,,,,0,1544,9,2,15,
,,,,,,,,0,1545,10,2,15,
,,,,,,,,0,1546,10,2,15,
,,,,,,,,0,1547,10,2,15,
,,,,,,,,0,1548,10,2,15,
,,,,,,,,0,1549,10,2,15,
,,,,,,,,0,1550,10,2,15,
,,,,,,,,0,1551,10,2,15,
,,,,,,,,0,1552,10,2,15,
,,,,,,,,0,1553,10,2,15,
,,,,,,,,0,1554,10,2,15,
,,,,,,,,0,1555,10,2,15,
,,,,,,,,0,1556,11,2,15,
,,,,,,,,0,1557,11,2,15,
,,,,,,,,0,1558,11,2,15,
,,,,,,,,0,1559,11,2,15,
,,,,,,,,0,1560,11,2,15,
,,,,,,,,0,1561,11,2,15,
,,,,,,,,0,1562,11,2,15,
,,,,,,,,0,1563,11,2,15,
,,,,,,,,0,1564,11,2,15,
,,,,,,,,0,1565,11,2,15,
,,,,,,,,0,1566,11,2,15,
,,,,,,,,0,1567,12,2,15,
,,,,,,,,0,1568,12,2,15,
,,,,,,,,0,1569,12,2,15,
,,,,,,,,0,1570,12,2,15,
,,,,,,,,0,1571,12,2,15,
,,,,,,,,0,1572,12,2,15,
,,,,,,,,0,1573,12,2,15,
,,,,,,,,0,1574,12,2,15,
,,,,,,,,0,1575,12,2,15,
,,,,,,,,0,1576,12,2,15,
,,,,,,,,0,1577,12,2,15,
,,,,,,,,0,1578,13,2,15,
,,,,,,,,0,1579,13,2,15,
,,,,,,,,0,1580,13,2,15,
,,,,,,,,0,1581,13,2,15,
,,,,,,,,0,1582,13,2,15,
,,,,,,,,0,1583,13,2,15,
,,,,,,,,0,1584,13,2,15,
,,,,,,,,0,1585,13,2,15,
,,,,,,,,0,1586,13,2,15,
,,,,,,,,0,1587,13,2,15,
,,,,,,,,0,1588,13,2,15,
,,,,,,,,0,1589,14,2,15,
,,,,,,,,0,1590,14,2,15,
,,,,,,,,0,1591,14,2,15,
,,,,,,,,0,1592,14,2,15,
,,,,,,,,0,1593,14,2,15,
,,,,,,,,0,1594,14,2,15,
,,,,,,,,0,1595,14,2,15,
,,,,,,,,0,1596,14,2,15,
,,,,,,,,0,1597,14,2,15,
,,,,,,,,0,1598,14,2,15,
,,,,,,,,0,1599,14,2,15,
,,,,,,,,0,1600,15,2,15,
,,,,,,,,0,1601,15,2,15,
,,,,,,,,0,1602,15,2,15,
,,,,,,,,0,1603,15,2,15,
,,,,,,,,0,1604,15,2,15,
,,,,,,,,0,1605,15,2,15,
,,,,,,,,0,1606,15,2,15,
,,,,,,,,0,1607,15,2,15,
,,,,,,,,0,1608,15,2,15,
,,,,,,,,0,1609,15,2,15,
,,,,,,,,0,1610,15,2,15,
,,,,,,,,0,1611,16,2,15,
,,,,,,,,0,1612,16,2,15,
,,,,,,,,0,1613,16,2,15,
,,,,,,,,0,1614,16,2,15,
,,,,,,,,0,1615,16,2,15,
,,,,,,,,0,1616,16,2,15,
,,,,,,,,0,1617,16,2,15,
,,,,,,,,0,1618,16,2,15,
,,,,,,,,0,1619,16,2,15,
,,,,,,,,0,1620,16,2,15,
,,,,,,,,0,1621,16,2,15,
,,,,,,,,0,1622,17,2,15,
,,,,,,,,0,1623,17,2,15,
,,,,,,,,0,1624,17,2,15,
,,,,,,,,0,1625,17,2,15,
,,,,,,,,0,1626,17,2,15,
,,,,,,,,0,1627,17,2,15,
,,,,,,,,0,1628,17,2,15,
,,,,,,,,0,1629,17,2,15,
,,,,,,,,0,1630,17,2,15,
,,,,,,,,0,1631,17,2,15,
,,,,,,,,0,1632,17,2,15,
,,,,,,,,0,1633,18,2,15,
,,,,,,,,0,1634,18,2,15,
,,,,,,,,0,1635,18,2,15,
,,,,,,,,0,1636,18,2,15,
,,,,,,,,0,1637,18,2,15,
,,,,,,,,0,1638,18,2,15,
,,,,,,,,0,1639,18,2,15,
,,,,,,,,0,1640,18,2,15,
,,,,,,,,0,1641,18,2,15,
,,,,,,,,0,1642,18,2,15,
,,,,,,,,0,1643,18,2,15,
,,,,,,,,0,1644,19,2,15,
,,,,,,,,0,1645,19,2,15,
,,,,,,,,0,1646,19,2,15,
,,,,,,,,0,1647,19,2,15,
,,,,,,,,0,1648,19,2,15,
,,,,,,,,0,1649,19,2,15,
,,,,,,,,0,1650,19,2,15,
,,,,,,,,0,1651,19,2,15,
,,,,,,,,0,1652,19,2,15,
,,,,,,,,0,1653,19,2,15,
,,,,,,,,0,1654,19,2,15,
,,,,,,,,0,1655,20,2,15,
,,,,,,,,0,1656,20,2,15,
,,,,,,,,0,1657,20,2,15,
,,,,,,,,0,1658,20,2,15,
,,,,,,,,0,1659,20,2,15,
,,,,,,,,0,1660,20,2,15,
,,,,,,,,0,1661,20,2,15,
,,,,,,,,0,1662,20,2,15,
,,,,,,,,0,1663,20,2,15,
,,,,,,,,0,1664,20,2,15,
,,,,,,,,0,1665,20,2,15,
,,,,,,,,0,1804,1,2,0,
,,,,,,,,0,1805,2,2,0,
,,,,,,,,0,1806,3,2,0,
,,,,,,,,0,1807,4,2,0,
,,,,,,,,0,1808,5,2,0,
,,,,,,,,0,1809,6,2,0,
,,,,,,,,0,1810,7,2,0,
,,,,,,,,0,1811,8,2,0,
,,,,,,,,0,1812,9,2,0,
,,,,,,,,0,1813,10,2,0,
,,,,,,,,0,1814,1,2,1,
,,,,,,,,0,1815,2,2,1,
,,,,,,,,0,1816,3,2,1,
,,,,,,,,0,1817,4,2,1,
,,,,,,,,0,1818,5,2,1,
,,,,,,,,0,1819,6,2,1,
,,,,,,,,0,1820,7,2,1,
,,,,,,,,0,1821,8,2,1,
,,,,,,,,0,1822,9,2,1,
,,,,,,,,0,1823,10,2,1,
,,,,,,,,0,1826,1,2,2,
,,,,,,,,0,1827,2,2,2,
,,,,,,,,0,1828,3,2,2,
,,,,,,,,0,1829,4,2,2,
,,,,,,,,0,1830,5,2,2,
,,,,,,,,0,1831,6,2,2,
,,,,,,,,0,1832,7,2,2,
,,,,,,,,0,1833,8,2,2,
,,,,,,,,0,1834,9,2,2,
,,,,,,,,0,1835,10,2,2,
,,,,,,,,0,1836,1,2,3,
,,,,,,,,0,1837,2,2,3,
,,,,,,,,0,1838,3,2,3,
,,,,,,,,0,1839,4,2,3,
,,,,,,,,0,1840,5,2,3,
,,,,,,,,0,1841,6,2,3,
,,,,,,,,0,1842,7,2,3,
,,,,,,,,0,1843,8,2,3,
,,,,,,,,0,1844,9,2,3,
,,,,,,,,0,1845,10,2,3,
,,,,,,,,0,2069,1,2,23,
,,,,,,,,0,2070,2,2,23,
,,,,,,,,0,2071,3,2,23,
,,,,,,,,0,2072,4,2,23,
,,,,,,,,0,2073,5,2,23,
,,,,,,,,0,2074,6,2,23,
,,,,,,,,0,2075,7,2,23,
,,,,,,,,0,2076,8,2,23,
,,,,,,,,0,2077,9,2,23,
,,,,,,,,0,2078,10,2,23,
,,,,,,,,0,2083,1,2,4,
,,,,,,,,0,2084,2,2,4,
,,,,,,,,0,2085,3,2,4,
,,,,,,,,0,2086,4,2,4,
,,,,,,,,0,2087,5,2,4,
,,,,,,,,0,2088,6,2,4,
,,,,,,,,0,2089,7,2,4,
,,,,,,,,0,2090,8,2,4,
,,,,,,,,0,2091,9,2,4,
,,,,,,,,0,2092,10,2,4,
,,,,,,,,0,2097,1,2,5,
,,,,,,,,0,2098,2,2,5,
,,,,,,,,0,2099,3,2,5,
,,,,,,,,0,2100,4,2,5,
,,,,,,,,0,2101,5,2,5,
,,,,,,,,0,2102,6,2,5,
,,,,,,,,0,2103,7,2,5,
,,,,,,,,0,2104,8,2,5,
,,,,,,,,0,2105,9,2,5,
,,,,,,,,0,2106,10,2,5,
,,,,,,,,0,2107,1,2,6,
,,,,,,,,0,2108,2,2,6,
,,,,,,,,0,2109,3,2,6,
,,,,,,,,0,2110,4,2,6,
,,,,,,,,0,2111,5,2,6,
,,,,,,,,0,2112,6,2,6,
,,,,,,,,0,2113,7,2,6,
,,,,,,,,0,2114,8,2,6,
,,,,,,,,0,2115,9,2,6,
,,,,,,,,0,2116,10,2,6,
,,,,,,,,0,2117,1,2,5,
,,,,,,,,0,2118,2,2,5,
,,,,,,,,0,2119,3,2,5,
,,,,,,,,0,2120,4,2,5,
,,,,,,,,0,2121,5,2,5,
,,,,,,,,0,2122,6,2,5,
,,,,,,,,0,2123,7,2,5,
,,,,,,,,0,2124,8,2,5,
,,,,,,,,0,2125,9,2,5,
,,,,,,,,0,2126,10,2,5,
,,,,,,,,0,2127,1,2,6,
,,,,,,,,0,2128,2,2,6,
,,,,,,,,0,2129,3,2,6,
,,,,,,,,0,2130,4,2,6,
,,,,,,,,0,2131,5,2,6,
,,,,,,,,0,2132,6,2,6,
,,,,,,,,0,2133,7,2,6,
,,,,,,,,0,2134,8,2,6,
,,,,,,,,0,2135,9,2,6,
,,,,,,,,0,2136,10,2,6,
,,,,,,,,0,2154,1,2,22,
,,,,,,,,0,2155,2,2,22,
,,,,,,,,0,2156,3,2,22,
,,,,,,,,0,2157,4,2,22,
,,,,,,,,0,2158,5,2,22,
,,,,,,,,0,2159,6,2,22,
,,,,,,,,0,2160,7,2,22,
,,,,,,,,0,2161,8,2,22,
,,,,,,,,0,2162,9,2,22,
,,,,,,,,0,2163,10,2,22,
,,,,,,,,0,2164,11,2,22,
,,,,,,,,0,2165,12,2,22,
,,,,,,,,0,2166,13,2,22,
,,,,,,,,0,2167,14,2,22,
,,,,,,,,0,2168,15,2,22,
,,,,,,,,0,2169,16,2,22,
,,,,,,,,0,2170,17,2,22,
,,,,,,,,0,2171,18,2,22,
,,,,,,,,0,2172,19,2,22,
,,,,,,,,0,2173,20,2,22,
,,,,,,,,0,2174,21,2,22,
,,,,,,,,0,2175,22,2,22,
,,,,,,,,0,2176,23,2,22,
,,,,,,,,0,2177,24,2,22,
,,,,,,,,0,2178,25,2,22,
,,,,,,,,0,2179,26,2,22,
,,,,,,,,0,2180,27,2,22,
,,,,,,,,0,2181,28,2,22,
,,,,,,,,0,2182,29,2,22,
,,,,,,,,0,2183,30,2,22,
,,,,,,,,0,2184,31,2,22,
,,,,,,,,0,2185,32,2,22,
,,,,,,,,0,2186,33,2,22,
,,,,,,,,0,2187,34,2,22,
,,,,,,,,0,2188,35,2,22,
,,,,,,,,0,2189,36,2,22,
,,,,,,,,0,2190,37,2,22,
,,,,,,,,0,2191,38,2,22,
,,,,,,,,0,2192,39,2,22,
,,,,,,,,0,2193,40,2,22,
,,,,,,,,0,2203,1,2,0,
,,,,,,,,0,2204,2,2,0,
,,,,,,,,0,2205,3,2,0,
,,,,,,,,0,2206,4,2,0,
,,,,,,,,0,2207,5,2,0,
,,,,,,,,0,2208,6,2,0,
,,,,,,,,0,2209,7,2,0,
,,,,,,,,0,2210,8,2,0,
,,,,,,,,0,2211,9,2,0,
,,,,,,,,0,2212,10,2,0,
,,,,,,,,0,2213,1,2,1,
,,,,,,,,0,2214,2,2,1,
,,,,,,,,0,2215,3,2,1,
,,,,,,,,0,2216,4,2,1,
,,,,,,,,0,2217,5,2,1,
,,,,,,,,0,2218,6,2,1,
,,,,,,,,0,2219,7,2,1,
,,,,,,,,0,2220,8,2,1,
,,,,,,,,0,2221,9,2,1,
,,,,,,,,0,2222,10,2,1,
,,,,,,,,0,2223,1,2,2,
,,,,,,,,0,2224,2,2,2,
,,,,,,,,0,2225,3,2,2,
,,,,,,,,0,2226,4,2,2,
,,,,,,,,0,2227,5,2,2,
,,,,,,,,0,2228,6,2,2,
,,,,,,,,0,2229,7,2,2,
,,,,,,,,0,2230,8,2,2,
,,,,,,,,0,2231,9,2,2,
,,,,,,,,0,2232,10,2,2,
,,,,,,,,0,2233,1,2,3,
,,,,,,,,0,2234,2,2,3,
,,,,,,,,0,2235,3,2,3,
,,,,,,,,0,2236,4,2,3,
,,,,,,,,0,2237,5,2,3,
,,,,,,,,0,2238,6,2,3,
,,,,,,,,0,2239,7,2,3,
,,,,,,,,0,2240,8,2,3,
,,,,,,,,0,2241,9,2,3,
,,,,,,,,0,2242,10,2,3,
,,,,,,,,0,35,1,3,0,
,,,,,,,,0,36,2,3,0,
,,,,,,,,0,37,3,3,0,
,,,,,,,,0,38,4,3,0,
,,,,,,,,0,39,5,3,0,
,,,,,,,,0,40,6,3,0,
,,,,,,,,0,41,7,3,0,
,,,,,,,,0,42,8,3,0,
,,,,,,,,0,43,9,3,0,
,,,,,,,,0,44,10,3,0,
,,,,,,,,0,46,1,3,0,
,,,,,,,,0,47,2,3,0,
,,,,,,,,0,48,3,3,0,
,,,,,,,,0,49,4,3,0,
,,,,,,,,0,50,5,3,0,
,,,,,,,,0,51,6,3,0,
,,,,,,,,0,52,7,3,0,
,,,,,,,,0,53,8,3,0,
,,,,,,,,0,54,9,3,0,
,,,,,,,,0,55,10,3,0,
,,,,,,,,0,57,1,3,0,
,,,,,,,,0,58,2,3,0,
,,,,,,,,0,59,3,3,0,
,,,,,,,,0,60,4,3,0,
,,,,,,,,0,61,5,3,0,
,,,,,,,,0,62,6,3,0,
,,,,,,,,0,63,7,3,0,
,,,,,,,,0,64,8,3,0,
,,,,,,,,0,65,9,3,0,
,,,,,,,,0,66,10,3,0,
,,,,,,,,0,90,1,3,0,
,,,,,,,,0,91,2,3,0,
,,,,,,,,0,92,3,3,0,
,,,,,,,,0,93,4,3,0,
,,,,,,,,0,94,5,3,0,
,,,,,,,,0,95,6,3,0,
,,,,,,,,0,96,7,3,0,
,,,,,,,,0,97,8,3,0,
,,,,,,,,0,98,9,3,0,
,,,,,,,,0,99,10,3,0,
,,,,,,,,0,110,1,3,2,
,,,,,,,,0,111,2,3,2,
,,,,,,,,0,112,3,3,2,
,,,,,,,,0,113,4,3,2,
,,,,,,,,0,114,5,3,2,
,,,,,,,,0,115,6,3,2,
,,,,,,,,0,116,7,3,2,
,,,,,,,,0,117,8,3,2,
,,,,,,,,0,118,9,3,2,
,,,,,,,,0,119,10,3,2,
,,,,,,,,0,121,1,3,2,
,,,,,,,,0,122,2,3,2,
,,,,,,,,0,123,3,3,2,
,,,,,,,,0,124,4,3,2,
,,,,,,,,0,125,5,3,2,
,,,,,,,,0,126,6,3,2,
,,,,,,,,0,127,7,3,2,
,,,,,,,,0,128,8,3,2,
,,,,,,,,0,129,9,3,2,
,,,,,,,,0,130,10,3,2,
,,,,,,,,0,132,1,3,2,
,,,,,,,,0,133,2,3,2,
,,,,,,,,0,134,3,3,2,
,,,,,,,,0,135,4,3,2,
,,,,,,,,0,136,5,3,2,
,,,,,,,,0,137,6,3,2,
,,,,,,,,0,138,7,3,2,
,,,,,,,,0,139,8,3,2,
,,,,,,,,0,140,9,3,2,
,,,,,,,,0,141,10,3,2,
,,,,,,,,0,143,1,3,3,
,,,,,,,,0,144,2,3,3,
,,,,,,,,0,145,3,3,3,
,,,,,,,,0,146,4,3,3,
,,,,,,,,0,147,5,3,3,
,,,,,,,,0,148,6,3,3,
,,,,,,,,0,149,7,3,3,
,,,,,,,,0,150,8,3,3,
,,,,,,,,0,151,9,3,3,
,,,,,,,,0,152,10,3,3,
,,,,,,,,0,154,1,3,3,
,,,,,,,,0,155,2,3,3,
,,,,,,,,0,156,3,3,3,
,,,,,,,,0,157,4,3,3,
,,,,,,,,0,158,5,3,3,
,,,,,,,,0,159,6,3,3,
,,,,,,,,0,160,7,3,3,
,,,,,,,,0,161,8,3,3,
,,,,,,,,0,162,9,3,3,
,,,,,,,,0,163,10,3,3,
,,,,,,,,0,165,1,3,2,
,,,,,,,,0,166,2,3,2,
,,,,,,,,0,167,3,3,2,
,,,,,,,,0,168,4,3,2,
,,,,,,,,0,169,5,3,2,
,,,,,,,,0,170,6,3,2,
,,,,,,,,0,171,7,3,2,
,,,,,,,,0,172,8,3,2,
,,,,,,,,0,173,9,3,2,
,,,,,,,,0,174,10,3,2,
,,,,,,,,0,175,1,3,3,
,,,,,,,,0,176,2,3,3,
,,,,,,,,0,177,3,3,3,
,,,,,,,,0,178,4,3,3,
,,,,,,,,0,179,5,3,3,
,,,,,,,,0,180,6,3,3,
,,,,,,,,0,181,7,3,3,
,,,,,,,,0,182,8,3,3,
,,,,,,,,0,183,9,3,3,
,,,,,,,,0,184,10,3,3,
,,,,,,,,0,239,1,3,12,
,,,,,,,,0,240,2,3,12,
,,,,,,,,0,241,3,3,12,
,,,,,,,,0,242,4,3,12,
,,,,,,,,0,243,5,3,12,
,,,,,,,,0,244,6,3,12,
,,,,,,,,0,245,7,3,12,
,,,,,,,,0,246,8,3,12,
,,,,,,,,0,247,9,3,12,
,,,,,,,,0,248,10,3,12,
,,,,,,,,0,249,11,3,12,
,,,,,,,,0,250,12,3,12,
,,,,,,,,0,251,13,3,12,
,,,,,,,,0,252,14,3,12,
,,,,,,,,0,253,15,3,12,
,,,,,,,,0,254,16,3,12,
,,,,,,,,0,255,17,3,12,
,,,,,,,,0,256,18,3,12,
,,,,,,,,0,257,19,3,12,
,,,,,,,,0,258,20,3,12,
,,,,,,,,0,259,21,3,12,
,,,,,,,,0,260,22,3,12,
,,,,,,,,0,261,23,3,12,
,,,,,,,,0,262,24,3,12,
,,,,,,,,0,263,25,3,12,
,,,,,,,,0,264,26,3,12,
,,,,,,,,0,265,27,3,12,
,,,,,,,,0,266,28,3,12,
,,,,,,,,0,267,29,3,12,
,,,,,,,,0,268,30,3,12,
,,,,,,,,0,1288,1,3,12,
,,,,,,,,0,1289,2,3,12,
,,,,,,,,0,1290,3,3,12,
,,,,,,,,0,1291,4,3,12,
,,,,,,,,0,1292,5,3,12,
,,,,,,,,0,1293,6,3,12,
,,,,,,,,0,1294,7,3,12,
,,,,,,,,0,1295,8,3,12,
,,,,,,,,0,1296,9,3,12,
,,,,,,,,0,1297,10,3,12,
,,,,,,,,0,1298,11,3,12,
,,,,,,,,0,1299,12,3,12,
,,,,,,,,0,1300,13,3,12,
,,,,,,,,0,1301,14,3,12,
,,,,,,,,0,1302,15,3,12,
,,,,,,,,0,1303,16,3,12,
,,,,,,,,0,1304,17,3,12,
,,,,,,,,0,1305,18,3,12,
,,,,,,,,0,1306,19,3,12,
,,,,,,,,0,1307,20,3,12,
,,,,,,,,0,1308,21,3,12,
,,,,,,,,0,1309,22,3,12,
,,,,,,,,0,1310,23,3,12,
,,,,,,,,0,1311,24,3,12,
,,,,,,,,0,1312,25,3,12,
,,,,,,,,0,1313,26,3,12,
,,,,,,,,0,1314,27,3,12,
,,,,,,,,0,1315,28,3,12,
,,,,,,,,0,1316,29,3,12,
,,,,,,,,0,1317,30,3,12,
,,,,,,,,0,270,1,3,13,
,,,,,,,,0,271,2,3,13,
,,,,,,,,0,272,3,3,13,
,,,,,,,,0,273,4,3,13,
,,,,,,,,0,274,5,3,13,
,,,,,,,,0,275,6,3,13,
,,,,,,,,0,276,7,3,13,
,,,,,,,,0,277,8,3,13,
,,,,,,,,0,278,9,3,13,
,,,,,,,,0,279,10,3,13,
,,,,,,,,0,280,11,3,13,
,,,,,,,,0,281,12,3,13,
,,,,,,,,0,282,13,3,13,
,,,,,,,,0,283,14,3,13,
,,,,,,,,0,284,15,3,13,
,,,,,,,,0,285,16,3,13,
,,,,,,,,0,286,17,3,13,
,,,,,,,,0,287,18,3,13,
,,,,,,,,0,288,19,3,13,
,,,,,,,,0,289,20,3,13,
,,,,,,,,0,290,21,3,13,
,,,,,,,,0,291,22,3,13,
,,,,,,,,0,292,23,3,13,
,,,,,,,,0,293,24,3,13,
,,,,,,,,0,294,25,3,13,
,,,,,,,,0,295,26,3,13,
,,,,,,,,0,296,27,3,13,
,,,,,,,,0,297,28,3,13,
,,,,,,,,0,298,29,3,13,
,,,,,,,,0,299,30,3,13,
,,,,,,,,0,1319,1,3,13,
,,,,,,,,0,1320,2,3,13,
,,,,,,,,0,1321,3,3,13,
,,,,,,,,0,1322,4,3,13,
,,,,,,,,0,1323,5,3,13,
,,,,,,,,0,1324,6,3,13,
,,,,,,,,0,1325,7,3,13,
,,,,,,,,0,1326,8,3,13,
,,,,,,,,0,1327,9,3,13,
,,,,,,,,0,1328,10,3,13,
,,,,,,,,0,1329,11,3,13,
,,,,,,,,0,1330,12,3,13,
,,,,,,,,0,1331,13,3,13,
,,,,,,,,0,1332,14,3,13,
,,,,,,,,0,1333,15,3,13,
,,,,,,,,0,1334,16,3,13,
,,,,,,,,0,1335,17,3,13,
,,,,,,,,0,1336,18,3,13,
,,,,,,,,0,1337,19,3,13,
,,,,,,,,0,1338,20,3,13,
,,,,,,,,0,1339,21,3,13,
,,,,,,,,0,1340,22,3,13,
,,,,,,,,0,1341,23,3,13,
,,,,,,,,0,1342,24,3,13,
,,,,,,,,0,1343,25,3,13,
,,,,,,,,0,1344,26,3,13,
,,,,,,,,0,1345,27,3,13,
,,,,,,,,0,1346,28,3,13,
,,,,,,,,0,1347,29,3,13,
,,,,,,,,0,1348,30,3,13,
,,,,,,,,0,378,1,3,4,
,,,,,,,,0,379,2,3,4,
,,,,,,,,0,380,3,3,4,
,,,,,,,,0,381,4,3,4,
,,,,,,,,0,382,5,3,4,
,,,,,,,,0,383,6,3,4,
,,,,,,,,0,384,7,3,4,
,,,,,,,,0,385,8,3,4,
,,,,,,,,0,386,9,3,4,
,,,,,,,,0,387,10,3,4,
,,,,,,,,0,389,1,3,7,
,,,,,,,,0,390,2,3,7,
,,,,,,,,0,391,3,3,7,
,,,,,,,,0,392,4,3,7,
,,,,,,,,0,393,5,3,7,
,,,,,,,,0,394,6,3,7,
,,,,,,,,0,395,7,3,7,
,,,,,,,,0,396,8,3,7,
,,,,,,,,0,397,9,3,7,
,,,,,,,,0,398,10,3,7,
,,,,,,,,0,399,1,3,7,
,,,,,,,,0,400,2,3,7,
,,,,,,,,0,401,3,3,7,
,,,,,,,,0,402,4,3,7,
,,,,,,,,0,403,5,3,7,
,,,,,,,,0,404,6,3,7,
,,,,,,,,0,405,7,3,7,
,,,,,,,,0,406,8,3,7,
,,,,,,,,0,407,9,3,7,
,,,,,,,,0,408,10,3,7,
,,,,,,,,0,409,1,3,7,
,,,,,,,,0,410,2,3,7,
,,,,,,,,0,411,3,3,7,
,,,,,,,,0,412,4,3,7,
,,,,,,,,0,413,5,3,7,
,,,,,,,,0,414,6,3,7,
,,,,,,,,0,415,7,3,7,
,,,,,,,,0,416,8,3,7,
,,,,,,,,0,417,9,3,7,
,,,,,,,,0,418,10,3,7,
,,,,,,,,0,476,1,3,14,
,,,,,,,,0,477,2,3,14,
,,,,,,,,0,478,3,3,14,
,,,,,,,,0,479,4,3,14,
,,,,,,,,0,480,5,3,14,
,,,,,,,,0,481,6,3,14,
,,,,,,,,0,482,7,3,14,
,,,,,,,,0,483,8,3,14,
,,,,,,,,0,484,9,3,14,
,,,,,,,,0,485,10,3,14,
,,,,,,,,0,486,11,3,14,
,,,,,,,,0,487,12,3,14,
,,,,,,,,0,488,13,3,14,
,,,,,,,,0,489,14,3,14,
,,,,,,,,0,490,15,3,14,
,,,,,,,,0,491,16,3,14,
,,,,,,,,0,492,17,3,14,
,,,,,,,,0,493,18,3,14,
,,,,,,,,0,494,19,3,14,
,,,,,,,,0,495,20,3,14,
,,,,,,,,0,496,21,3,14,
,,,,,,,,0,497,22,3,14,
,,,,,,,,0,498,23,3,14,
,,,,,,,,0,499,24,3,14,
,,,,,,,,0,500,25,3,14,
,,,,,,,,0,501,26,3,14,
,,,,,,,,0,502,27,3,14,
,,,,,,,,0,503,28,3,14,
,,,,,,,,0,504,29,3,14,
,,,,,,,,0,505,30,3,14,
,,,,,,,,0,589,1,3,8,
,,,,,,,,0,590,2,3,8,
,,,,,,,,0,591,3,3,8,
,,,,,,,,0,592,4,3,8,
,,,,,,,,0,593,5,3,8,
,,,,,,,,0,594,6,3,8,
,,,,,,,,0,595,7,3,8,
,,,,,,,,0,596,8,3,8,
,,,,,,,,0,597,9,3,8,
,,,,,,,,0,598,10,3,8,
,,,,,,,,0,599,11,3,8,
,,,,,,,,0,600,12,3,8,
,,,,,,,,0,601,13,3,8,
,,,,,,,,0,602,14,3,8,
,,,,,,,,0,603,15,3,8,
,,,,,,,,0,604,16,3,8,
,,,,,,,,0,605,17,3,8,
,,,,,,,,0,606,18,3,8,
,,,,,,,,0,607,19,3,8,
,,,,,,,,0,608,20,3,8,
,,,,,,,,0,609,21,3,8,
,,,,,,,,0,610,22,3,8,
,,,,,,,,0,611,23,3,8,
,,,,,,,,0,612,24,3,8,
,,,,,,,,0,613,25,3,8,
,,,,,,,,0,614,26,3,8,
,,,,,,,,0,615,27,3,8,
,,,,,,,,0,616,28,3,8,
,,,,,,,,0,617,29,3,8,
,,,,,,,,0,618,30,3,8,
,,,,,,,,0,619,31,3,8,
,,,,,,,,0,620,32,3,8,
,,,,,,,,0,621,33,3,8,
,,,,,,,,0,622,34,3,8,
,,,,,,,,0,623,35,3,8,
,,,,,,,,0,624,36,3,8,
,,,,,,,,0,625,37,3,8,
,,,,,,,,0,626,38,3,8,
,,,,,,,,0,627,39,3,8,
,,,,,,,,0,628,40,3,8,
,,,,,,,,0,629,41,3,8,
,,,,,,,,0,630,42,3,8,
,,,,,,,,0,631,43,3,8,
,,,,,,,,0,632,44,3,8,
,,,,,,,,0,633,45,3,8,
,,,,,,,,0,634,46,3,8,
,,,,,,,,0,635,47,3,8,
,,,,,,,,0,636,48,3,8,
,,,,,,,,0,637,49,3,8,
,,,,,,,,0,638,50,3,8,
,,,,,,,,0,639,51,3,8,
,,,,,,,,0,640,52,3,8,
,,,,,,,,0,641,53,3,8,
,,,,,,,,0,642,54,3,8,
,,,,,,,,0,643,55,3,8,
,,,,,,,,0,644,56,3,8,
,,,,,,,,0,645,57,3,8,
,,,,,,,,0,646,58,3,8,
,,,,,,,,0,647,59,3,8,
,,,,,,,,0,648,60,3,8,
,,,,,,,,0,649,61,3,8,
,,,,,,,,0,650,62,3,8,
,,,,,,,,0,651,63,3,8,
,,,,,,,,0,652,64,3,8,
,,,,,,,,0,653,65,3,8,
,,,,,,,,0,654,66,3,8,
,,,,,,,,0,655,67,3,8,
,,,,,,,,0,656,68,3,8,
,,,,,,,,0,657,69,3,8,
,,,,,,,,0,658,70,3,8,
,,,,,,,,0,659,71,3,8,
,,,,,,,,0,660,72,3,8,
,,,,,,,,0,661,73,3,8,
,,,,,,,,0,662,74,3,8,
,,,,,,,,0,663,75,3,8,
,,,,,,,,0,664,76,3,8,
,,,,,,,,0,665,77,3,8,
,,,,,,,,0,666,78,3,8,
,,,,,,,,0,667,79,3,8,
,,,,,,,,0,668,80,3,8,
,,,,,,,,0,669,81,3,8,
,,,,,,,,0,670,82,3,8,
,,,,,,,,0,671,83,3,8,
,,,,,,,,0,672,84,3,8,
,,,,,,,,0,673,85,3,8,
,,,,,,,,0,674,86,3,8,
,,,,,,,,0,675,87,3,8,
,,,,,,,,0,676,88,3,8,
,,,,,,,,0,677,89,3,8,
,,,,,,,,0,678,90,3,8,
,,,,,,,,0,679,91,3,8,
,,,,,,,,0,680,92,3,8,
,,,,,,,,0,681,93,3,8,
,,,,,,,,0,682,94,3,8,
,,,,,,,,0,683,95,3,8,
,,,,,,,,0,684,96,3,8,
,,,,,,,,0,685,97,3,8,
,,,,,,,,0,686,98,3,8,
,,,,,,,,0,687,99,3,8,
,,,,,,,,0,688,100,3,8,
,,,,,,,,0,334,1,3,5,
,,,,,,,,0,335,2,3,5,
,,,,,,,,0,336,3,3,5,
,,,,,,,,0,337,4,3,5,
,,,,,,,,0,338,5,3,5,
,,,,,,,,0,339,6,3,5,
,,,,,,,,0,340,7,3,5,
,,,,,,,,0,341,8,3,5,
,,,,,,,,0,342,9,3,5,
,,,,,,,,0,343,10,3,5,
,,,,,,,,0,344,1,3,5,
,,,,,,,,0,345,2,3,5,
,,,,,,,,0,346,3,3,5,
,,,,,,,,0,347,4,3,5,
,,,,,,,,0,348,5,3,5,
,,,,,,,,0,349,6,3,5,
,,,,,,,,0,350,7,3,5,
,,,,,,,,0,351,8,3,5,
,,,,,,,,0,352,9,3,5,
,,,,,,,,0,353,10,3,5,
,,,,,,,,0,354,1,3,6,
,,,,,,,,0,355,2,3,6,
,,,,,,,,0,356,3,3,6,
,,,,,,,,0,357,4,3,6,
,,,,,,,,0,358,5,3,6,
,,,,,,,,0,359,6,3,6,
,,,,,,,,0,360,7,3,6,
,,,,,,,,0,361,8,3,6,
,,,,,,,,0,362,9,3,6,
,,,,,,,,0,363,10,3,6,
,,,,,,,,0,364,1,3,6,
,,,,,,,,0,365,2,3,6,
,,,,,,,,0,366,3,3,6,
,,,,,,,,0,367,4,3,6,
,,,,,,,,0,368,5,3,6,
,,,,,,,,0,369,6,3,6,
,,,,,,,,0,370,7,3,6,
,,,,,,,,0,371,8,3,6,
,,,,,,,,0,372,9,3,6,
,,,,,,,,0,373,10,3,6,
,,,,,,,,0,1364,1,3,1,
,,,,,,,,0,1365,2,3,1,
,,,,,,,,0,1366,3,3,1,
,,,,,,,,0,1367,4,3,1,
,,,,,,,,0,1368,5,3,1,
,,,,,,,,0,1369,6,3,1,
,,,,,,,,0,1370,7,3,1,
,,,,,,,,0,1371,8,3,1,
,,,,,,,,0,1372,9,3,1,
,,,,,,,,0,1373,10,3,1,
,,,,,,,,0,1375,1,3,1,
,,,,,,,,0,1376,2,3,1,
,,,,,,,,0,1377,3,3,1,
,,,,,,,,0,1378,4,3,1,
,,,,,,,,0,1379,5,3,1,
,,,,,,,,0,1380,6,3,1,
,,,,,,,,0,1381,7,3,1,
,,,,,,,,0,1382,8,3,1,
,,,,,,,,0,1383,9,3,1,
,,,,,,,,0,1384,10,3,1,
,,,,,,,,0,1386,1,3,1,
,,,,,,,,0,1387,2,3,1,
,,,,,,,,0,1388,3,3,1,
,,,,,,,,0,1389,4,3,1,
,,,,,,,,0,1390,5,3,1,
,,,,,,,,0,1391,6,3,1,
,,,,,,,,0,1392,7,3,1,
,,,,,,,,0,1393,8,3,1,
,,,,,,,,0,1394,9,3,1,
,,,,,,,,0,1395,10,3,1,
,,,,,,,,0,1398,1,3,10,
,,,,,,,,0,1399,2,3,10,
,,,,,,,,0,1400,3,3,10,
,,,,,,,,0,1401,4,3,10,
,,,,,,,,0,1402,5,3,10,
,,,,,,,,0,1403,6,3,10,
,,,,,,,,0,1404,7,3,10,
,,,,,,,,0,1405,8,3,10,
,,,,,,,,0,1406,9,3,10,
,,,,,,,,0,1407,10,3,10,
,,,,,,,,0,1408,1,3,10,
,,,,,,,,0,1409,2,3,10,
,,,,,,,,0,1410,3,3,10,
,,,,,,,,0,1411,4,3,10,
,,,,,,,,0,1412,5,3,10,
,,,,,,,,0,1413,6,3,10,
,,,,,,,,0,1414,7,3,10,
,,,,,,,,0,1415,8,3,10,
,,,,,,,,0,1416,9,3,10,
,,,,,,,,0,1417,10,3,10,
,,,,,,,,0,2069,1,3,23,
,,,,,,,,0,2070,2,3,23,
,,,,,,,,0,2071,3,3,23,
,,,,,,,,0,2072,4,3,23,
,,,,,,,,0,2073,5,3,23,
,,,,,,,,0,2074,6,3,23,
,,,,,,,,0,2075,7,3,23,
,,,,,,,,0,2076,8,3,23,
,,,,,,,,0,2077,9,3,23,
,,,,,,,,0,2078,10,3,23,
,,,,,,,,0,2083,1,3,4,
,,,,,,,,0,2084,2,3,4,
,,,,,,,,0,2085,3,3,4,
,,,,,,,,0,2086,4,3,4,
,,,,,,,,0,2087,5,3,4,
,,,,,,,,0,2088,6,3,4,
,,,,,,,,0,2089,7,3,4,
,,,,,,,,0,2090,8,3,4,
,,,,,,,,0,2091,9,3,4,
,,,,,,,,0,2092,10,3,4,
,,,,,,,,0,2154,1,3,22,
,,,,,,,,0,2155,2,3,22,
,,,,,,,,0,2156,3,3,22,
,,,,,,,,0,2157,4,3,22,
,,,,,,,,0,2158,5,3,22,
,,,,,,,,0,2159,6,3,22,
,,,,,,,,0,2160,7,3,22,
,,,,,,,,0,2161,8,3,22,
,,,,,,,,0,2162,9,3,22,
,,,,,,,,0,2163,10,3,22,
,,,,,,,,0,2164,11,3,22,
,,,,,,,,0,2165,12,3,22,
,,,,,,,,0,2166,13,3,22,
,,,,,,,,0,2167,14,3,22,
,,,,,,,,0,2168,15,3,22,
,,,,,,,,0,2169,16,3,22,
,,,,,,,,0,2170,17,3,22,
,,,,,,,,0,2171,18,3,22,
,,,,,,,,0,2172,19,3,22,
,,,,,,,,0,2173,20,3,22,
,,,,,,,,0,2174,21,3,22,
,,,,,,,,0,2175,22,3,22,
,,,,,,,,0,2176,23,3,22,
,,,,,,,,0,2177,24,3,22,
,,,,,,,,0,2178,25,3,22,
,,,,,,,,0,2179,26,3,22,
,,,,,,,,0,2180,27,3,22,
,,,,,,,,0,2181,28,3,22,
,,,,,,,,0,2182,29,3,22,
,,,,,,,,0,2183,30,3,22,
,,,,,,,,0,2184,31,3,22,
,,,,,,,,0,2185,32,3,22,
,,,,,,,,0,2186,33,3,22,
,,,,,,,,0,2187,34,3,22,
,,,,,,,,0,2188,35,3,22,
,,,,,,,,0,2189,36,3,22,
,,,,,,,,0,2190,37,3,22,
,,,,,,,,0,2191,38,3,22,
,,,,,,,,0,2192,39,3,22,
,,,,,,,,0,2193,40,3,22,
,,,,,,,,0,840,1,3,15,
,,,,,,,,0,861,2,3,15,
,,,,,,,,0,882,3,3,15,
,,,,,,,,0,903,4,3,15,
,,,,,,,,0,924,5,3,15,
,,,,,,,,0,945,6,3,15,
,,,,,,,,0,966,7,3,15,
,,,,,,,,0,987,8,3,15,
,,,,,,,,0,1008,9,3,15,
,,,,,,,,0,1029,10,3,15,
,,,,,,,,0,1050,11,3,15,
,,,,,,,,0,1071,12,3,15,
,,,,,,,,0,1092,13,3,15,
,,,,,,,,0,1113,14,3,15,
,,,,,,,,0,1134,15,3,15,
,,,,,,,,0,1155,16,3,15,
,,,,,,,,0,1176,17,3,15,
,,,,,,,,0,1197,18,3,15,
,,,,,,,,0,1218,19,3,15,
,,,,,,,,0,1239,20,3,15,
,,,,,,,,0,1446,1,3,15,
,,,,,,,,0,1448,1,3,15,
,,,,,,,,0,1457,2,3,15,
,,,,,,,,0,1459,2,3,15,
,,,,,,,,0,1468,3,3,15,
,,,,,,,,0,1470,3,3,15,
,,,,,,,,0,1479,4,3,15,
,,,,,,,,0,1481,4,3,15,
,,,,,,,,0,1490,5,3,15,
,,,,,,,,0,1492,5,3,15,
,,,,,,,,0,1501,6,3,15,
,,,,,,,,0,1503,6,3,15,
,,,,,,,,0,1512,7,3,15,
,,,,,,,,0,1514,7,3,15,
,,,,,,,,0,1523,8,3,15,
,,,,,,,,0,1525,8,3,15,
,,,,,,,,0,1534,9,3,15,
,,,,,,,,0,1536,9,3,15,
,,,,,,,,0,1545,10,3,15,
,,,,,,,,0,1547,10,3,15,
,,,,,,,,0,1556,11,3,15,
,,,,,,,,0,1558,11,3,15,
,,,,,,,,0,1567,12,3,15,
,,,,,,,,0,1569,12,3,15,
,,,,,,,,0,1578,13,3,15,
,,,,,,,,0,1580,13,3,15,
,,,,,,,,0,1589,14,3,15,
,,,,,,,,0,1591,14,3,15,
,,,,,,,,0,1600,15,3,15,
,,,,,,,,0,1602,15,3,15,
,,,,,,,,0,1611,16,3,15,
,,,,,,,,0,1613,16,3,15,
,,,,,,,,0,1622,17,3,15,
,,,,,,,,0,1624,17,3,15,
,,,,,,,,0,1633,18,3,15,
,,,,,,,,0,1635,18,3,15,
,,,,,,,,0,1644,19,3,15,
,,,,,,,,0,1646,19,3,15,
,,,,,,,,0,1655,20,3,15,
,,,,,,,,0,1657,20,3,15,
,,,,,,,,0,35,1,4,0,
,,,,,,,,0,36,2,4,0,
,,,,,,,,0,37,3,4,0,
,,,,,,,,0,38,4,4,0,
,,,,,,,,0,39,5,4,0,
,,,,,,,,0,40,6,4,0,
,,,,,,,,0,41,7,4,0,
,,,,,,,,0,42,8,4,0,
,,,,,,,,0,43,9,4,0,
,,,,,,,,0,44,10,4,0,
,,,,,,,,0,46,1,4,0,
,,,,,,,,0,47,2,4,0,
,,,,,,,,0,48,3,4,0,
,,,,,,,,0,49,4,4,0,
,,,,,,,,0,50,5,4,0,
,,,,,,,,0,51,6,4,0,
,,,,,,,,0,52,7,4,0,
,,,,,,,,0,53,8,4,0,
,,,,,,,,0,54,9,4,0,
,,,,,,,,0,55,10,4,0,
,,,,,,,,0,57,1,4,0,
,,,,,,,,0,58,2,4,0,
,,,,,,,,0,59,3,4,0,
,,,,,,,,0,60,4,4,0,
,,,,,,,,0,61,5,4,0,
,,,,,,,,0,62,6,4,0,
,,,,,,,,0,63,7,4,0,
,,,,,,,,0,64,8,4,0,
,,,,,,,,0,65,9,4,0,
,,,,,,,,0,66,10,4,0,
,,,,,,,,0,110,1,4,2,
,,,,,,,,0,111,2,4,2,
,,,,,,,,0,112,3,4,2,
,,,,,,,,0,113,4,4,2,
,,,,,,,,0,114,5,4,2,
,,,,,,,,0,115,6,4,2,
,,,,,,,,0,116,7,4,2,
,,,,,,,,0,117,8,4,2,
,,,,,,,,0,118,9,4,2,
,,,,,,,,0,119,10,4,2,
,,,,,,,,0,121,1,4,2,
,,,,,,,,0,122,2,4,2,
,,,,,,,,0,123,3,4,2,
,,,,,,,,0,124,4,4,2,
,,,,,,,,0,125,5,4,2,
,,,,,,,,0,126,6,4,2,
,,,,,,,,0,127,7,4,2,
,,,,,,,,0,128,8,4,2,
,,,,,,,,0,129,9,4,2,
,,,,,,,,0,130,10,4,2,
,,,,,,,,0,132,1,4,2,
,,,,,,,,0,133,2,4,2,
,,,,,,,,0,134,3,4,2,
,,,,,,,,0,135,4,4,2,
,,,,,,,,0,136,5,4,2,
,,,,,,,,0,137,6,4,2,
,,,,,,,,0,138,7,4,2,
,,,,,,,,0,139,8,4,2,
,,,,,,,,0,140,9,4,2,
,,,,,,,,0,141,10,4,2,
,,,,,,,,0,143,1,4,3,
,,,,,,,,0,144,2,4,3,
,,,,,,,,0,145,3,4,3,
,,,,,,,,0,146,4,4,3,
,,,,,,,,0,147,5,4,3,
,,,,,,,,0,148,6,4,3,
,,,,,,,,0,149,7,4,3,
,,,,,,,,0,150,8,4,3,
,,,,,,,,0,151,9,4,3,
,,,,,,,,0,152,10,4,3,
,,,,,,,,0,154,1,4,3,
,,,,,,,,0,155,2,4,3,
,,,,,,,,0,156,3,4,3,
,,,,,,,,0,157,4,4,3,
,,,,,,,,0,158,5,4,3,
,,,,,,,,0,159,6,4,3,
,,,,,,,,0,160,7,4,3,
,,,,,,,,0,161,8,4,3,
,,,,,,,,0,162,9,4,3,
,,,,,,,,0,163,10,4,3,
,,,,,,,,0,165,1,4,2,
,,,,,,,,0,166,2,4,2,
,,,,,,,,0,167,3,4,2,
,,,,,,,,0,168,4,4,2,
,,,,,,,,0,169,5,4,2,
,,,,,,,,0,170,6,4,2,
,,,,,,,,0,171,7,4,2,
,,,,,,,,0,172,8,4,2,
,,,,,,,,0,173,9,4,2,
,,,,,,,,0,174,10,4,2,
,,,,,,,,0,175,1,4,3,
,,,,,,,,0,176,2,4,3,
,,,,,,,,0,177,3,4,3,
,,,,,,,,0,178,4,4,3,
,,,,,,,,0,179,5,4,3,
,,,,,,,,0,180,6,4,3,
,,,,,,,,0,181,7,4,3,
,,,,,,,,0,182,8,4,3,
,,,,,,,,0,183,9,4,3,
,,,,,,,,0,184,10,4,3,
,,,,,,,,0,239,1,4,12,
,,,,,,,,0,240,2,4,12,
,,,,,,,,0,241,3,4,12,
,,,,,,,,0,242,4,4,12,
,,,,,,,,0,243,5,4,12,
,,,,,,,,0,244,6,4,12,
,,,,,,,,0,245,7,4,12,
,,,,,,,,0,246,8,4,12,
,,,,,,,,0,247,9,4,12,
,,,,,,,,0,248,10,4,12,
,,,,,,,,0,249,11,4,12,
,,,,,,,,0,250,12,4,12,
,,,,,,,,0,251,13,4,12,
,,,,,,,,0,252,14,4,12,
,,,,,,,,0,253,15,4,12,
,,,,,,,,0,254,16,4,12,
,,,,,,,,0,255,17,4,12,
,,,,,,,,0,256,18,4,12,
,,,,,,,,0,257,19,4,12,
,,,,,,,,0,258,20,4,12,
,,,,,,,,0,259,21,4,12,
,,,,,,,,0,260,22,4,12,
,,,,,,,,0,261,23,4,12,
,,,,,,,,0,262,24,4,12,
,,,,,,,,0,263,25,4,12,
,,,,,,,,0,264,26,4,12,
,,,,,,,,0,265,27,4,12,
,,,,,,,,0,266,28,4,12,
,,,,,,,,0,267,29,4,12,
,,,,,,,,0,268,30,4,12,
,,,,,,,,0,1288,1,4,12,
,,,,,,,,0,1289,2,4,12,
,,,,,,,,0,1290,3,4,12,
,,,,,,,,0,1291,4,4,12,
,,,,,,,,0,1292,5,4,12,
,,,,,,,,0,1293,6,4,12,
,,,,,,,,0,1294,7,4,12,
,,,,,,,,0,1295,8,4,12,
,,,,,,,,0,1296,9,4,12,
,,,,,,,,0,1297,10,4,12,
,,,,,,,,0,1298,11,4,12,
,,,,,,,,0,1299,12,4,12,
,,,,,,,,0,1300,13,4,12,
,,,,,,,,0,1301,14,4,12,
,,,,,,,,0,1302,15,4,12,
,,,,,,,,0,1303,16,4,12,
,,,,,,,,0,1304,17,4,12,
,,,,,,,,0,1305,18,4,12,
,,,,,,,,0,1306,19,4,12,
,,,,,,,,0,1307,20,4,12,
,,,,,,,,0,1308,21,4,12,
,,,,,,,,0,1309,22,4,12,
,,,,,,,,0,1310,23,4,12,
,,,,,,,,0,1311,24,4,12,
,,,,,,,,0,1312,25,4,12,
,,,,,,,,0,1313,26,4,12,
,,,,,,,,0,1314,27,4,12,
,,,,,,,,0,1315,28,4,12,
,,,,,,,,0,1316,29,4,12,
,,,,,,,,0,1317,30,4,12,
,,,,,,,,0,270,1,4,13,
,,,,,,,,0,271,2,4,13,
,,,,,,,,0,272,3,4,13,
,,,,,,,,0,273,4,4,13,
,,,,,,,,0,274,5,4,13,
,,,,,,,,0,275,6,4,13,
,,,,,,,,0,276,7,4,13,
,,,,,,,,0,277,8,4,13,
,,,,,,,,0,278,9,4,13,
,,,,,,,,0,279,10,4,13,
,,,,,,,,0,280,11,4,13,
,,,,,,,,0,281,12,4,13,
,,,,,,,,0,282,13,4,13,
,,,,,,,,0,283,14,4,13,
,,,,,,,,0,284,15,4,13,
,,,,,,,,0,285,16,4,13,
,,,,,,,,0,286,17,4,13,
,,,,,,,,0,287,18,4,13,
,,,,,,,,0,288,19,4,13,
,,,,,,,,0,289,20,4,13,
,,,,,,,,0,290,21,4,13,
,,,,,,,,0,291,22,4,13,
,,,,,,,,0,292,23,4,13,
,,,,,,,,0,293,24,4,13,
,,,,,,,,0,294,25,4,13,
,,,,,,,,0,295,26,4,13,
,,,,,,,,0,296,27,4,13,
,,,,,,,,0,297,28,4,13,
,,,,,,,,0,298,29,4,13,
,,,,,,,,0,299,30,4,13,
,,,,,,,,0,1319,1,4,13,
,,,,,,,,0,1320,2,4,13,
,,,,,,,,0,1321,3,4,13,
,,,,,,,,0,1322,4,4,13,
,,,,,,,,0,1323,5,4,13,
,,,,,,,,0,1324,6,4,13,
,,,,,,,,0,1325,7,4,13,
,,,,,,,,0,1326,8,4,13,
,,,,,,,,0,1327,9,4,13,
,,,,,,,,0,1328,10,4,13,
,,,,,,,,0,1329,11,4,13,
,,,,,,,,0,1330,12,4,13,
,,,,,,,,0,1331,13,4,13,
,,,,,,,,0,1332,14,4,13,
,,,,,,,,0,1333,15,4,13,
,,,,,,,,0,1334,16,4,13,
,,,,,,,,0,1335,17,4,13,
,,,,,,,,0,1336,18,4,13,
,,,,,,,,0,1337,19,4,13,
,,,,,,,,0,1338,20,4,13,
,,,,,,,,0,1339,21,4,13,
,,,,,,,,0,1340,22,4,13,
,,,,,,,,0,1341,23,4,13,
,,,,,,,,0,1342,24,4,13,
,,,,,,,,0,1343,25,4,13,
,,,,,,,,0,1344,26,4,13,
,,,,,,,,0,1345,27,4,13,
,,,,,,,,0,1346,28,4,13,
,,,,,,,,0,1347,29,4,13,
,,,,,,,,0,1348,30,4,13,
,,,,,,,,0,378,1,4,4,
,,,,,,,,0,379,2,4,4,
,,,,,,,,0,380,3,4,4,
,,,,,,,,0,381,4,4,4,
,,,,,,,,0,382,5,4,4,
,,,,,,,,0,383,6,4,4,
,,,,,,,,0,384,7,4,4,
,,,,,,,,0,385,8,4,4,
,,,,,,,,0,386,9,4,4,
,,,,,,,,0,387,10,4,4,
,,,,,,,,0,389,1,4,7,
,,,,,,,,0,390,2,4,7,
,,,,,,,,0,391,3,4,7,
,,,,,,,,0,392,4,4,7,
,,,,,,,,0,393,5,4,7,
,,,,,,,,0,394,6,4,7,
,,,,,,,,0,395,7,4,7,
,,,,,,,,0,396,8,4,7,
,,,,,,,,0,397,9,4,7,
,,,,,,,,0,398,10,4,7,
,,,,,,,,0,399,1,4,7,
,,,,,,,,0,400,2,4,7,
,,,,,,,,0,401,3,4,7,
,,,,,,,,0,402,4,4,7,
,,,,,,,,0,403,5,4,7,
,,,,,,,,0,404,6,4,7,
,,,,,,,,0,405,7,4,7,
,,,,,,,,0,406,8,4,7,
,,,,,,,,0,407,9,4,7,
,,,,,,,,0,408,10,4,7,
,,,,,,,,0,409,1,4,7,
,,,,,,,,0,410,2,4,7,
,,,,,,,,0,411,3,4,7,
,,,,,,,,0,412,4,4,7,
,,,,,,,,0,413,5,4,7,
,,,,,,,,0,414,6,4,7,
,,,,,,,,0,415,7,4,7,
,,,,,,,,0,416,8,4,7,
,,,,,,,,0,417,9,4,7,
,,,,,,,,0,418,10,4,7,
,,,,,,,,0,476,1,4,14,
,,,,,,,,0,477,2,4,14,
,,,,,,,,0,478,3,4,14,
,,,,,,,,0,479,4,4,14,
,,,,,,,,0,480,5,4,14,
,,,,,,,,0,481,6,4,14,
,,,,,,,,0,482,7,4,14,
,,,,,,,,0,483,8,4,14,
,,,,,,,,0,484,9,4,14,
,,,,,,,,0,485,10,4,14,
,,,,,,,,0,486,11,4,14,
,,,,,,,,0,487,12,4,14,
,,,,,,,,0,488,13,4,14,
,,,,,,,,0,489,14,4,14,
,,,,,,,,0,490,15,4,14,
,,,,,,,,0,491,16,4,14,
,,,,,,,,0,492,17,4,14,
,,,,,,,,0,493,18,4,14,
,,,,,,,,0,494,19,4,14,
,,,,,,,,0,495,20,4,14,
,,,,,,,,0,496,21,4,14,
,,,,,,,,0,497,22,4,14,
,,,,,,,,0,498,23,4,14,
,,,,,,,,0,499,24,4,14,
,,,,,,,,0,500,25,4,14,
,,,,,,,,0,501,26,4,14,
,,,,,,,,0,502,27,4,14,
,,,,,,,,0,503,28,4,14,
,,,,,,,,0,504,29,4,14,
,,,,,,,,0,505,30,4,14,
,,,,,,,,0,589,1,4,8,
,,,,,,,,0,590,2,4,8,
,,,,,,,,0,591,3,4,8,
,,,,,,,,0,592,4,4,8,
,,,,,,,,0,593,5,4,8,
,,,,,,,,0,594,6,4,8,
,,,,,,,,0,595,7,4,8,
,,,,,,,,0,596,8,4,8,
,,,,,,,,0,597,9,4,8,
,,,,,,,,0,598,10,4,8,
,,,,,,,,0,599,11,4,8,
,,,,,,,,0,600,12,4,8,
,,,,,,,,0,601,13,4,8,
,,,,,,,,0,602,14,4,8,
,,,,,,,,0,603,15,4,8,
,,,,,,,,0,604,16,4,8,
,,,,,,,,0,605,17,4,8,
,,,,,,,,0,606,18,4,8,
,,,,,,,,0,607,19,4,8,
,,,,,,,,0,608,20,4,8,
,,,,,,,,0,609,21,4,8,
,,,,,,,,0,610,22,4,8,
,,,,,,,,0,611,23,4,8,
,,,,,,,,0,612,24,4,8,
,,,,,,,,0,613,25,4,8,
,,,,,,,,0,614,26,4,8,
,,,,,,,,0,615,27,4,8,
,,,,,,,,0,616,28,4,8,
,,,,,,,,0,617,29,4,8,
,,,,,,,,0,618,30,4,8,
,,,,,,,,0,619,31,4,8,
,,,,,,,,0,620,32,4,8,
,,,,,,,,0,621,33,4,8,
,,,,,,,,0,622,34,4,8,
,,,,,,,,0,623,35,4,8,
,,,,,,,,0,624,36,4,8,
,,,,,,,,0,625,37,4,8,
,,,,,,,,0,626,38,4,8,
,,,,,,,,0,627,39,4,8,
,,,,,,,,0,628,40,4,8,
,,,,,,,,0,629,41,4,8,
,,,,,,,,0,630,42,4,8,
,,,,,,,,0,631,43,4,8,
,,,,,,,,0,632,44,4,8,
,,,,,,,,0,633,45,4,8,
,,,,,,,,0,634,46,4,8,
,,,,,,,,0,635,47,4,8,
,,,,,,,,0,636,48,4,8,
,,,,,,,,0,637,49,4,8,
,,,,,,,,0,638,50,4,8,
,,,,,,,,0,639,51,4,8,
,,,,,,,,0,640,52,4,8,
,,,,,,,,0,641,53,4,8,
,,,,,,,,0,642,54,4,8,
,,,,,,,,0,643,55,4,8,
,,,,,,,,0,644,56,4,8,
,,,,,,,,0,645,57,4,8,
,,,,,,,,0,646,58,4,8,
,,,,,,,,0,647,59,4,8,
,,,,,,,,0,648,60,4,8,
,,,,,,,,0,649,61,4,8,
,,,,,,,,0,650,62,4,8,
,,,,,,,,0,651,63,4,8,
,,,,,,,,0,652,64,4,8,
,,,,,,,,0,653,65,4,8,
,,,,,,,,0,654,66,4,8,
,,,,,,,,0,655,67,4,8,
,,,,,,,,0,656,68,4,8,
,,,,,,,,0,657,69,4,8,
,,,,,,,,0,658,70,4,8,
,,,,,,,,0,659,71,4,8,
,,,,,,,,0,660,72,4,8,
,,,,,,,,0,661,73,4,8,
,,,,,,,,0,662,74,4,8,
,,,,,,,,0,663,75,4,8,
,,,,,,,,0,664,76,4,8,
,,,,,,,,0,665,77,4,8,
,,,,,,,,0,666,78,4,8,
,,,,,,,,0,667,79,4,8,
,,,,,,,,0,668,80,4,8,
,,,,,,,,0,669,81,4,8,
,,,,,,,,0,670,82,4,8,
,,,,,,,,0,671,83,4,8,
,,,,,,,,0,672,84,4,8,
,,,,,,,,0,673,85,4,8,
,,,,,,,,0,674,86,4,8,
,,,,,,,,0,675,87,4,8,
,,,,,,,,0,676,88,4,8,
,,,,,,,,0,677,89,4,8,
,,,,,,,,0,678,90,4,8,
,,,,,,,,0,679,91,4,8,
,,,,,,,,0,680,92,4,8,
,,,,,,,,0,681,93,4,8,
,,,,,,,,0,682,94,4,8,
,,,,,,,,0,683,95,4,8,
,,,,,,,,0,684,96,4,8,
,,,,,,,,0,685,97,4,8,
,,,,,,,,0,686,98,4,8,
,,,,,,,,0,687,99,4,8,
,,,,,,,,0,688,100,4,8,
,,,,,,,,0,334,1,4,5,
,,,,,,,,0,335,2,4,5,
,,,,,,,,0,336,3,4,5,
,,,,,,,,0,337,4,4,5,
,,,,,,,,0,338,5,4,5,
,,,,,,,,0,339,6,4,5,
,,,,,,,,0,340,7,4,5,
,,,,,,,,0,341,8,4,5,
,,,,,,,,0,342,9,4,5,
,,,,,,,,0,343,10,4,5,
,,,,,,,,0,344,1,4,5,
,,,,,,,,0,345,2,4,5,
,,,,,,,,0,346,3,4,5,
,,,,,,,,0,347,4,4,5,
,,,,,,,,0,348,5,4,5,
,,,,,,,,0,349,6,4,5,
,,,,,,,,0,350,7,4,5,
,,,,,,,,0,351,8,4,5,
,,,,,,,,0,352,9,4,5,
,,,,,,,,0,353,10,4,5,
,,,,,,,,0,354,1,4,6,
,,,,,,,,0,355,2,4,6,
,,,,,,,,0,356,3,4,6,
,,,,,,,,0,357,4,4,6,
,,,,,,,,0,358,5,4,6,
,,,,,,,,0,359,6,4,6,
,,,,,,,,0,360,7,4,6,
,,,,,,,,0,361,8,4,6,
,,,,,,,,0,362,9,4,6,
,,,,,,,,0,363,10,4,6,
,,,,,,,,0,364,1,4,6,
,,,,,,,,0,365,2,4,6,
,,,,,,,,0,366,3,4,6,
,,,,,,,,0,367,4,4,6,
,,,,,,,,0,368,5,4,6,
,,,,,,,,0,369,6,4,6,
,,,,,,,,0,370,7,4,6,
,,,,,,,,0,371,8,4,6,
,,,,,,,,0,372,9,4,6,
,,,,,,,,0,373,10,4,6,
,,,,,,,,0,1364,1,4,1,
,,,,,,,,0,1365,2,4,1,
,,,,,,,,0,1366,3,4,1,
,,,,,,,,0,1367,4,4,1,
,,,,,,,,0,1368,5,4,1,
,,,,,,,,0,1369,6,4,1,
,,,,,,,,0,1370,7,4,1,
,,,,,,,,0,1371,8,4,1,
,,,,,,,,0,1372,9,4,1,
,,,,,,,,0,1373,10,4,1,
,,,,,,,,0,1375,1,4,1,
,,,,,,,,0,1376,2,4,1,
,,,,,,,,0,1377,3,4,1,
,,,,,,,,0,1378,4,4,1,
,,,,,,,,0,1379,5,4,1,
,,,,,,,,0,1380,6,4,1,
,,,,,,,,0,1381,7,4,1,
,,,,,,,,0,1382,8,4,1,
,,,,,,,,0,1383,9,4,1,
,,,,,,,,0,1384,10,4,1,
,,,,,,,,0,1398,1,4,10,
,,,,,,,,0,1399,2,4,10,
,,,,,,,,0,1400,3,4,10,
,,,,,,,,0,1401,4,4,10,
,,,,,,,,0,1402,5,4,10,
,,,,,,,,0,1403,6,4,10,
,,,,,,,,0,1404,7,4,10,
,,,,,,,,0,1405,8,4,10,
,,,,,,,,0,1406,9,4,10,
,,,,,,,,0,1407,10,4,10,
,,,,,,,,0,1408,1,4,10,
,,,,,,,,0,1409,2,4,10,
,,,,,,,,0,1410,3,4,10,
,,,,,,,,0,1411,4,4,10,
,,,,,,,,0,1412,5,4,10,
,,,,,,,,0,1413,6,4,10,
,,,,,,,,0,1414,7,4,10,
,,,,,,,,0,1415,8,4,10,
,,,,,,,,0,1416,9,4,10,
,,,,,,,,0,1417,10,4,10,
,,,,,,,,0,2083,1,4,4,
,,,,,,,,0,2084,2,4,4,
,,,,,,,,0,2085,3,4,4,
,,,,,,,,0,2086,4,4,4,
,,,,,,,,0,2087,5,4,4,
,,,,,,,,0,2088,6,4,4,
,,,,,,,,0,2089,7,4,4,
,,,,,,,,0,2090,8,4,4,
,,,,,,,,0,2091,9,4,4,
,,,,,,,,0,2092,10,4,4,
,,,,,,,,0,2154,1,4,22,
,,,,,,,,0,2155,2,4,22,
,,,,,,,,0,2156,3,4,22,
,,,,,,,,0,2157,4,4,22,
,,,,,,,,0,2158,5,4,22,
,,,,,,,,0,2159,6,4,22,
,,,,,,,,0,2160,7,4,22,
,,,,,,,,0,2161,8,4,22,
,,,,,,,,0,2162,9,4,22,
,,,,,,,,0,2163,10,4,22,
,,,,,,,,0,2164,11,4,22,
,,,,,,,,0,2165,12,4,22,
,,,,,,,,0,2166,13,4,22,
,,,,,,,,0,2167,14,4,22,
,,,,,,,,0,2168,15,4,22,
,,,,,,,,0,2169,16,4,22,
,,,,,,,,0,2170,17,4,22,
,,,,,,,,0,2171,18,4,22,
,,,,,,,,0,2172,19,4,22,
,,,,,,,,0,2173,20,4,22,
,,,,,,,,0,2174,21,4,22,
,,,,,,,,0,2175,22,4,22,
,,,,,,,,0,2176,23,4,22,
,,,,,,,,0,2177,24,4,22,
,,,,,,,,0,2178,25,4,22,
,,,,,,,,0,2179,26,4,22,
,,,,,,,,0,2180,27,4,22,
,,,,,,,,0,2181,28,4,22,
,,,,,,,,0,2182,29,4,22,
,,,,,,,,0,2183,30,4,22,
,,,,,,,,0,2184,31,4,22,
,,,,,,,,0,2185,32,4,22,
,,,,,,,,0,2186,33,4,22,
,,,,,,,,0,2187,34,4,22,
,,,,,,,,0,2188,35,4,22,
,,,,,,,,0,2189,36,4,22,
,,,,,,,,0,2190,37,4,22,
,,,,,,,,0,2191,38,4,22,
,,,,,,,,0,2192,39,4,22,
,,,,,,,,0,2193,40,4,22,
,,,,,,,,0,840,1,4,15,
,,,,,,,,0,861,2,4,15,
,,,,,,,,0,882,3,4,15,
,,,,,,,,0,903,4,4,15,
,,,,,,,,0,924,5,4,15,
,,,,,,,,0,945,6,4,15,
,,,,,,,,0,966,7,4,15,
,,,,,,,,0,987,8,4,15,
,,,,,,,,0,1008,9,4,15,
,,,,,,,,0,1029,10,4,15,
,,,,,,,,0,1050,11,4,15,
,,,,,,,,0,1071,12,4,15,
,,,,,,,,0,1092,13,4,15,
,,,,,,,,0,1113,14,4,15,
,,,,,,,,0,1134,15,4,15,
,,,,,,,,0,1155,16,4,15,
,,,,,,,,0,1176,17,4,15,
,,,,,,,,0,1197,18,4,15,
,,,,,,,,0,1218,19,4,15,
,,,,,,,,0,1239,20,4,15,
,,,,,,,,0,1446,1,4,15,
,,,,,,,,0,1448,1,4,15,
,,,,,,,,0,1457,2,4,15,
,,,,,,,,0,1459,2,4,15,
,,,,,,,,0,1468,3,4,15,
,,,,,,,,0,1470,3,4,15,
,,,,,,,,0,1479,4,4,15,
,,,,,,,,0,1481,4,4,15,
,,,,,,,,0,1490,5,4,15,
,,,,,,,,0,1492,5,4,15,
,,,,,,,,0,1501,6,4,15,
,,,,,,,,0,1503,6,4,15,
,,,,,,,,0,1512,7,4,15,
,,,,,,,,0,1514,7,4,15,
,,,,,,,,0,1523,8,4,15,
,,,,,,,,0,1525,8,4,15,
,,,,,,,,0,1534,9,4,15,
,,,,,,,,0,1536,9,4,15,
,,,,,,,,0,1545,10,4,15,
,,,,,,,,0,1547,10,4,15,
,,,,,,,,0,1556,11,4,15,
,,,,,,,,0,1558,11,4,15,
,,,,,,,,0,1567,12,4,15,
,,,,,,,,0,1569,12,4,15,
,,,,,,,,0,1578,13,4,15,
,,,,,,,,0,1580,13,4,15,
,,,,,,,,0,1589,14,4,15,
,,,,,,,,0,1591,14,4,15,
,,,,,,,,0,1600,15,4,15,
,,,,,,,,0,1602,15,4,15,
,,,,,,,,0,1611,16,4,15,
,,,,,,,,0,1613,16,4,15,
,,,,,,,,0,1622,17,4,15,
,,,,,,,,0,1624,17,4,15,
,,,,,,,,0,1633,18,4,15,
,,,,,,,,0,1635,18,4,15,
,,,,,,,,0,1644,19,4,15,
,,,,,,,,0,1646,19,4,15,
,,,,,,,,0,1655,20,4,15,
,,,,,,,,0,1657,20,4,15,
,,,,,,,,0,2069,1,4,23,
,,,,,,,,0,2070,2,4,23,
,,,,,,,,0,2071,3,4,23,
,,,,,,,,0,2072,4,4,23,
,,,,,,,,0,2073,5,4,23,
,,,,,,,,0,2074,6,4,23,
,,,,,,,,0,2075,7,4,23,
,,,,,,,,0,2076,8,4,23,
,,,,,,,,0,2077,9,4,23,
,,,,,,,,0,2078,10,4,23,
,,,,,,,,0,858,1,3,13,
,,,,,,,,0,867,2,3,13,
,,,,,,,,0,879,2,3,13,
,,,,,,,,0,888,3,3,13,
,,,,,,,,0,900,3,3,13,
,,,,,,,,0,909,4,3,13,
,,,,,,,,0,921,4,3,13,
,,,,,,,,0,930,5,3,13,
,,,,,,,,0,942,5,3,13,
,,,,,,,,0,951,6,3,13,
,,,,,,,,0,963,6,3,13,
,,,,,,,,0,972,7,3,13,
,,,,,,,,0,984,7,3,13,
,,,,,,,,0,993,8,3,13,
,,,,,,,,0,1005,8,3,13,
,,,,,,,,0,1014,9,3,13,
,,,,,,,,0,1026,9,3,13,
,,,,,,,,0,1035,10,3,13,
,,,,,,,,0,1047,10,3,13,
,,,,,,,,0,1056,11,3,13,
,,,,,,,,0,1068,11,3,13,
,,,,,,,,0,1077,12,3,13,
,,,,,,,,0,1089,12,3,13,
,,,,,,,,0,1098,13,3,13,
,,,,,,,,0,1110,13,3,13,
,,,,,,,,0,1119,14,3,13,
,,,,,,,,0,1131,14,3,13,
,,,,,,,,0,1140,15,3,13,
,,,,,,,,0,1152,15,3,13,
,,,,,,,,0,1161,16,3,13,
,,,,,,,,0,1173,16,3,13,
,,,,,,,,0,1182,17,3,13,
,,,,,,,,0,1194,17,3,13,
,,,,,,,,0,1203,18,3,13,
,,,,,,,,0,1215,18,3,13,
,,,,,,,,0,1224,19,3,13,
,,,,,,,,0,1236,19,3,13,
,,,,,,,,0,1245,20,3,13,
,,,,,,,,0,1257,20,3,13,
