CATEGORY_NAME,TARGET_TBL_NAME,RECORD_NO,TARGET_COLUMN_NAME,CONVERSION_TYPE
"カードNO","KRCMT_STAMP_CARD",1,"CARD_ID","NONE"
"カードNO","KRCMT_STAMP_CARD",1,"CARD_NUMBER","NONE"
"カードNO","KRCMT_STAMP_CARD",1,"CONTRACT_CD","NONE"
"カードNO","KRCMT_STAMP_CARD",1,"REGISTER_DATE","NONE"
"カードNO","KRCMT_STAMP_CARD",1,"SID","NONE"
"下位作業マスタ","KSRMT_TASK_CHILD",1,"CD","NONE"
"下位作業マスタ","KSRMT_TASK_CHILD",1,"CHILD_CD","NONE"
"下位作業マスタ","KSRMT_TASK_CHILD",1,"CID","NONE"
"下位作業マスタ","KSRMT_TASK_CHILD",1,"CONTRACT_CD","NONE"
"下位作業マスタ","KSRMT_TASK_CHILD",1,"FRAME_NO","NONE"
"代休管理データ","KRCDT_HD_COM_MNG",1,"CID","NONE"
"代休管理データ","KRCDT_HD_COM_MNG",1,"COM_DAYOFF_ID","NONE"
"代休管理データ","KRCDT_HD_COM_MNG",1,"CONTRACT_CD","NONE"
"代休管理データ","KRCDT_HD_COM_MNG",1,"DAYOFF_DATE","NONE"
"代休管理データ","KRCDT_HD_COM_MNG",1,"REMAIN_DAYS","NONE"
"代休管理データ","KRCDT_HD_COM_MNG",1,"REMAIN_TIMES","NONE"
"代休管理データ","KRCDT_HD_COM_MNG",1,"REQUIRED_DAYS","NONE"
"代休管理データ","KRCDT_HD_COM_MNG",1,"REQUIRED_TIMES","NONE"
"代休管理データ","KRCDT_HD_COM_MNG",1,"SID","NONE"
"代休管理データ","KRCDT_HD_COM_MNG",1,"UNKNOWN_DATE","NONE"
"休出管理データ","KRCDT_HD_WORK_MNG",1,"CID","NONE"
"休出管理データ","KRCDT_HD_WORK_MNG",1,"CONTRACT_CD","NONE"
"休出管理データ","KRCDT_HD_WORK_MNG",1,"DAYOFF_DATE","NONE"
"休出管理データ","KRCDT_HD_WORK_MNG",1,"DISAPEAR_DATE","NONE"
"休出管理データ","KRCDT_HD_WORK_MNG",1,"EXPIRED_DATE","NONE"
"休出管理データ","KRCDT_HD_WORK_MNG",1,"FULL_DAY_TIME","NONE"
"休出管理データ","KRCDT_HD_WORK_MNG",1,"HALF_DAY_TIME","NONE"
"休出管理データ","KRCDT_HD_WORK_MNG",1,"LEAVE_MANA_ID","NONE"
"休出管理データ","KRCDT_HD_WORK_MNG",1,"OCCURRED_DAYS","NONE"
"休出管理データ","KRCDT_HD_WORK_MNG",1,"OCCURRED_TIMES","NONE"
"休出管理データ","KRCDT_HD_WORK_MNG",1,"SID","NONE"
"休出管理データ","KRCDT_HD_WORK_MNG",1,"SUB_HD_ATR","NONE"
"休出管理データ","KRCDT_HD_WORK_MNG",1,"UNKNOWN_DATE","NONE"
"休出管理データ","KRCDT_HD_WORK_MNG",1,"UNUSED_DAYS","NONE"
"休出管理データ","KRCDT_HD_WORK_MNG",1,"UNUSED_TIMES","NONE"
"休職休業履歴","BSYMT_TEMP_ABS_HIST",1,"CID","NONE"
"休職休業履歴","BSYMT_TEMP_ABS_HIST",1,"CONTRACT_CD","NONE"
"休職休業履歴","BSYMT_TEMP_ABS_HIST",1,"END_DATE","NONE"
"休職休業履歴","BSYMT_TEMP_ABS_HIST",1,"HIST_ID","NONE"
"休職休業履歴","BSYMT_TEMP_ABS_HIST",1,"SID","NONE"
"休職休業履歴","BSYMT_TEMP_ABS_HIST",1,"START_DATE","NONE"
"休職休業履歴","BSYMT_TEMP_ABS_HIST_ITEM",1,"CHILD_TYPE","NONE"
"休職休業履歴","BSYMT_TEMP_ABS_HIST_ITEM",1,"CONTRACT_CD","NONE"
"休職休業履歴","BSYMT_TEMP_ABS_HIST_ITEM",1,"CREATE_DATE","NONE"
"休職休業履歴","BSYMT_TEMP_ABS_HIST_ITEM",1,"FAMILY_MEMBER_ID","NONE"
"休職休業履歴","BSYMT_TEMP_ABS_HIST_ITEM",1,"HIST_ID","NONE"
"休職休業履歴","BSYMT_TEMP_ABS_HIST_ITEM",1,"MULTIPLE","NONE"
"休職休業履歴","BSYMT_TEMP_ABS_HIST_ITEM",1,"REMARKS","NONE"
"休職休業履歴","BSYMT_TEMP_ABS_HIST_ITEM",1,"SAME_FAMILY","NONE"
"休職休業履歴","BSYMT_TEMP_ABS_HIST_ITEM",1,"SAME_FAMILY_DAYS","NONE"
"休職休業履歴","BSYMT_TEMP_ABS_HIST_ITEM",1,"SID","NONE"
"休職休業履歴","BSYMT_TEMP_ABS_HIST_ITEM",1,"SO_INS_PAY_CATEGORY","NONE"
"休職休業履歴","BSYMT_TEMP_ABS_HIST_ITEM",1,"SPOUSE_IS_LEAVE","NONE"
"休職休業履歴","BSYMT_TEMP_ABS_HIST_ITEM",1,"TEMP_ABS_FRAME_NO","NONE"
"作業マスタ","KSRMT_TASK_MASTER",1,"ABNAME","NONE"
"作業マスタ","KSRMT_TASK_MASTER",1,"CD","NONE"
"作業マスタ","KSRMT_TASK_MASTER",1,"CID","NONE"
"作業マスタ","KSRMT_TASK_MASTER",1,"COLOR","NONE"
"作業マスタ","KSRMT_TASK_MASTER",1,"CONTRACT_CD","NONE"
"作業マスタ","KSRMT_TASK_MASTER",1,"EXP_END_DATE","NONE"
"作業マスタ","KSRMT_TASK_MASTER",1,"EXP_START_DATE","NONE"
"作業マスタ","KSRMT_TASK_MASTER",1,"EXT_CD1","NONE"
"作業マスタ","KSRMT_TASK_MASTER",1,"EXT_CD2","NONE"
"作業マスタ","KSRMT_TASK_MASTER",1,"EXT_CD3","NONE"
"作業マスタ","KSRMT_TASK_MASTER",1,"EXT_CD4","NONE"
"作業マスタ","KSRMT_TASK_MASTER",1,"EXT_CD5","NONE"
"作業マスタ","KSRMT_TASK_MASTER",1,"FRAME_NO","NONE"
"作業マスタ","KSRMT_TASK_MASTER",1,"NAME","NONE"
"作業マスタ","KSRMT_TASK_MASTER",1,"NOTE","NONE"
"個人基本情報","BPSMT_PERSON",1,"BIRTHDAY","NONE"
"個人基本情報","BPSMT_PERSON",1,"BLOOD_TYPE","NONE"
"個人基本情報","BPSMT_PERSON",1,"BUSINESS_ENGLISH_NAME","NONE"
"個人基本情報","BPSMT_PERSON",1,"BUSINESS_NAME","NONE"
"個人基本情報","BPSMT_PERSON",1,"BUSINESS_NAME_KANA","NONE"
"個人基本情報","BPSMT_PERSON",1,"BUSINESS_OTHER_NAME","NONE"
"個人基本情報","BPSMT_PERSON",1,"CONTRACT_CD","NONE"
"個人基本情報","BPSMT_PERSON",1,"GENDER","NONE"
"個人基本情報","BPSMT_PERSON",1,"OLDNAME_FNAME","NONE"
"個人基本情報","BPSMT_PERSON",1,"OLDNAME_FNAME_KANA","NONE"
"個人基本情報","BPSMT_PERSON",1,"PERSON_NAME","NONE"
"個人基本情報","BPSMT_PERSON",1,"PERSON_NAME_KANA","NONE"
"個人基本情報","BPSMT_PERSON",1,"PERSON_NAME_MULTIL_LANG","NONE"
"個人基本情報","BPSMT_PERSON",1,"PERSON_NAME_MULTIL_LANG_KANA","NONE"
"個人基本情報","BPSMT_PERSON",1,"PID","NONE"
"個人基本情報","BPSMT_PERSON",1,"P_ROMANJI_FNAME","NONE"
"個人基本情報","BPSMT_PERSON",1,"P_ROMANJI_FNAME_KANA","NONE"
"個人基本情報","BPSMT_PERSON",1,"TODOKEDE_FNAME","NONE"
"個人基本情報","BPSMT_PERSON",1,"TODOKEDE_FNAME_KANA","NONE"
"個人基本情報","BSYMT_SYAIN",1,"CID","NONE"
"個人基本情報","BSYMT_SYAIN",1,"CONTRACT_CD","NONE"
"個人基本情報","BSYMT_SYAIN",1,"DEL_DATE","NONE"
"個人基本情報","BSYMT_SYAIN",1,"DEL_STATUS_ATR","NONE"
"個人基本情報","BSYMT_SYAIN",1,"EXT_CD","NONE"
"個人基本情報","BSYMT_SYAIN",1,"PID","NONE"
"個人基本情報","BSYMT_SYAIN",1,"REMV_REASON","NONE"
"個人基本情報","BSYMT_SYAIN",1,"SCD","NONE"
"個人基本情報","BSYMT_SYAIN",1,"SID","NONE"
"個人基本情報","SACMT_USER",1,"ASSO_PID","NONE"
"個人基本情報","SACMT_USER",1,"CONTRACT_CD","NONE"
"個人基本情報","SACMT_USER",1,"DEFAULT_USER","NONE"
"個人基本情報","SACMT_USER",1,"EXPIRATION_DATE","NONE"
"個人基本情報","SACMT_USER",1,"LOGIN_ID","NONE"
"個人基本情報","SACMT_USER",1,"MAIL_ADD","NONE"
"個人基本情報","SACMT_USER",1,"MULTI_COM","NONE"
"個人基本情報","SACMT_USER",1,"SPECIAL_USER","NONE"
"個人基本情報","SACMT_USER",1,"USER_ID","NONE"
"個人基本情報","SACMT_USER",1,"USER_NAME","NONE"
"個人基本情報","SGWDT_USER_LOGIN_PASSWORD",1,"CONTRACT_CD","NONE"
"個人基本情報","SGWDT_USER_LOGIN_PASSWORD",1,"PASSWORD_STATUS","NONE"
"個人基本情報","SGWDT_USER_LOGIN_PASSWORD",1,"USER_ID","NONE"
"個人基本情報","SGWDT_USER_LOGIN_PASSWORD_CHANGE_LOG",1,"CHANGE_DATE_TIME","NONE"
"個人基本情報","SGWDT_USER_LOGIN_PASSWORD_CHANGE_LOG",1,"CONTRACT_CD","NONE"
"個人基本情報","SGWDT_USER_LOGIN_PASSWORD_CHANGE_LOG",1,"HASHED_PASSWORD","NONE"
"個人基本情報","SGWDT_USER_LOGIN_PASSWORD_CHANGE_LOG",1,"USER_ID","NONE"
"入社退職履歴","BSYMT_AFF_COM_HIST",1,"CID","NONE"
"入社退職履歴","BSYMT_AFF_COM_HIST",1,"CONTRACT_CD","NONE"
"入社退職履歴","BSYMT_AFF_COM_HIST",1,"DESTINATION_DATA","NONE"
"入社退職履歴","BSYMT_AFF_COM_HIST",1,"END_DATE","NONE"
"入社退職履歴","BSYMT_AFF_COM_HIST",1,"HIST_ID","NONE"
"入社退職履歴","BSYMT_AFF_COM_HIST",1,"PID","NONE"
"入社退職履歴","BSYMT_AFF_COM_HIST",1,"SID","NONE"
"入社退職履歴","BSYMT_AFF_COM_HIST",1,"START_DATE","NONE"
"入社退職履歴","BSYMT_AFF_COM_HIST_ITEM",1,"ADOPTION_DATE","NONE"
"入社退職履歴","BSYMT_AFF_COM_HIST_ITEM",1,"CONTRACT_CD","NONE"
"入社退職履歴","BSYMT_AFF_COM_HIST_ITEM",1,"HIST_ID","NONE"
"入社退職履歴","BSYMT_AFF_COM_HIST_ITEM",1,"RECRUIMENT_CATEGORY_CD","NONE"
"入社退職履歴","BSYMT_AFF_COM_HIST_ITEM",1,"RETIREMENT_CALC_STR_D","NONE"
"入社退職履歴","BSYMT_AFF_COM_HIST_ITEM",1,"SID","NONE"
"労働条件","KSHMT_WORKCOND_HIST",1,"CID","NONE"
"労働条件","KSHMT_WORKCOND_HIST",1,"CONTRACT_CD","NONE"
"労働条件","KSHMT_WORKCOND_HIST",1,"END_DATE","NONE"
"労働条件","KSHMT_WORKCOND_HIST",1,"HIST_ID","NONE"
"労働条件","KSHMT_WORKCOND_HIST",1,"SID","NONE"
"労働条件","KSHMT_WORKCOND_HIST",1,"START_DATE","NONE"
"労働条件","KSHMT_WORKCOND_HIST_ITEM",1,"AUTO_INTERVAL_SET_ATR","NONE"
"労働条件","KSHMT_WORKCOND_HIST_ITEM",1,"AUTO_STAMP_SET_ATR","NONE"
"労働条件","KSHMT_WORKCOND_HIST_ITEM",1,"CID","NONE"
"労働条件","KSHMT_WORKCOND_HIST_ITEM",1,"CONTRACT_CD","NONE"
"労働条件","KSHMT_WORKCOND_HIST_ITEM",1,"CONTRACT_TIME","NONE"
"労働条件","KSHMT_WORKCOND_HIST_ITEM",1,"HD_ADD_TIME_AFTERNOON","NONE"
"労働条件","KSHMT_WORKCOND_HIST_ITEM",1,"HD_ADD_TIME_MORNING","NONE"
"労働条件","KSHMT_WORKCOND_HIST_ITEM",1,"HD_ADD_TIME_ONE_DAY","NONE"
"労働条件","KSHMT_WORKCOND_HIST_ITEM",1,"HIST_ID","NONE"
"労働条件","KSHMT_WORKCOND_HIST_ITEM",1,"HOURLY_PAY_ATR","NONE"
"労働条件","KSHMT_WORKCOND_HIST_ITEM",1,"LABOR_SYS","NONE"
"労働条件","KSHMT_WORKCOND_HIST_ITEM",1,"MONTHLY_PATTERN","NONE"
"労働条件","KSHMT_WORKCOND_HIST_ITEM",1,"SCHE_MANAGEMENT_ATR","NONE"
"労働条件","KSHMT_WORKCOND_HIST_ITEM",1,"SID","NONE"
"労働条件","KSHMT_WORKCOND_HIST_ITEM",1,"TIME_APPLY","NONE"
"労働条件","KSHMT_WORKCOND_HIST_ITEM",1,"VACATION_ADD_TIME_ATR","NONE"
"労働条件","KSHMT_WORKCOND_SCHE_METH",1,"BASIC_CREATE_METHOD","NONE"
"労働条件","KSHMT_WORKCOND_SCHE_METH",1,"CID","NONE"
"労働条件","KSHMT_WORKCOND_SCHE_METH",1,"CONTRACT_CD","NONE"
"労働条件","KSHMT_WORKCOND_SCHE_METH",1,"HIST_ID","NONE"
"労働条件","KSHMT_WORKCOND_SCHE_METH",1,"REF_BUSINESS_DAY_CALENDAR","NONE"
"労働条件","KSHMT_WORKCOND_SCHE_METH",1,"REF_WORKING_HOURS","NONE"
"労働条件","KSHMT_WORKCOND_SCHE_METH",1,"SID","NONE"
"労働条件","KSHMT_WORKCOND_WORKINFO",1,"CID","NONE"
"労働条件","KSHMT_WORKCOND_WORKINFO",1,"CONTRACT_CD","NONE"
"労働条件","KSHMT_WORKCOND_WORKINFO",1,"FRIDAY_WORKTIME","NONE"
"労働条件","KSHMT_WORKCOND_WORKINFO",1,"HIST_ID","NONE"
"労働条件","KSHMT_WORKCOND_WORKINFO",1,"HOLIDAY_WORKTYPE","NONE"
"労働条件","KSHMT_WORKCOND_WORKINFO",1,"HOLIDAY_WORK_WORKTIME","NONE"
"労働条件","KSHMT_WORKCOND_WORKINFO",1,"HOLIDAY_WORK_WORKTYPE","NONE"
"労働条件","KSHMT_WORKCOND_WORKINFO",1,"ILLEGAL_HOLIDAY_WORK_WORKTYPE","NONE"
"労働条件","KSHMT_WORKCOND_WORKINFO",1,"LEGAL_HOLIDAY_WORK_WORKTYPE","NONE"
"労働条件","KSHMT_WORKCOND_WORKINFO",1,"MONDAY_WORKTIME","NONE"
"労働条件","KSHMT_WORKCOND_WORKINFO",1,"PUBLIC_HOLIDAY_WORK_WORKTYPE","NONE"
"労働条件","KSHMT_WORKCOND_WORKINFO",1,"SATURDAY_WORKTIME","NONE"
"労働条件","KSHMT_WORKCOND_WORKINFO",1,"SID","NONE"
"労働条件","KSHMT_WORKCOND_WORKINFO",1,"SUNDAY_WORKTIME","NONE"
"労働条件","KSHMT_WORKCOND_WORKINFO",1,"THURSDAY_WORKTIME","NONE"
"労働条件","KSHMT_WORKCOND_WORKINFO",1,"TUESDAY_WORKTIME","NONE"
"労働条件","KSHMT_WORKCOND_WORKINFO",1,"WEDNESDAY_WORKTIME","NONE"
"労働条件","KSHMT_WORKCOND_WORKINFO",1,"WEEKDAYS_WORKTIME","NONE"
"労働条件","KSHMT_WORKCOND_WORKINFO",1,"WORKING_DAY_WORKTYPE","NONE"
"労働条件","KSHMT_WORKCOND_WORK_TS",1,"CID","NONE"
"労働条件","KSHMT_WORKCOND_WORK_TS",1,"CONTRACT_CD","NONE"
"労働条件","KSHMT_WORKCOND_WORK_TS",1,"END_TIME_1","NONE"
"労働条件","KSHMT_WORKCOND_WORK_TS",1,"END_TIME_2","NONE"
"労働条件","KSHMT_WORKCOND_WORK_TS",1,"HIST_ID","NONE"
"労働条件","KSHMT_WORKCOND_WORK_TS",1,"PER_WORK_DAY_ATR","FIXID_VALUE"
"労働条件","KSHMT_WORKCOND_WORK_TS",1,"SID","NONE"
"労働条件","KSHMT_WORKCOND_WORK_TS",1,"START_TIME_1","NONE"
"労働条件","KSHMT_WORKCOND_WORK_TS",1,"START_TIME_2","NONE"
"労働条件","KSHMT_WORKCOND_WORK_TS",2,"CID","NONE"
"労働条件","KSHMT_WORKCOND_WORK_TS",2,"CONTRACT_CD","NONE"
"労働条件","KSHMT_WORKCOND_WORK_TS",2,"END_TIME_1","NONE"
"労働条件","KSHMT_WORKCOND_WORK_TS",2,"END_TIME_2","NONE"
"労働条件","KSHMT_WORKCOND_WORK_TS",2,"HIST_ID","NONE"
"労働条件","KSHMT_WORKCOND_WORK_TS",2,"PER_WORK_DAY_ATR","FIXID_VALUE"
"労働条件","KSHMT_WORKCOND_WORK_TS",2,"SID","NONE"
"労働条件","KSHMT_WORKCOND_WORK_TS",2,"START_TIME_1","NONE"
"労働条件","KSHMT_WORKCOND_WORK_TS",2,"START_TIME_2","NONE"
"労働条件","KSHMT_WORKCOND_WORK_TS",3,"CID","NONE"
"労働条件","KSHMT_WORKCOND_WORK_TS",3,"CONTRACT_CD","NONE"
"労働条件","KSHMT_WORKCOND_WORK_TS",3,"END_TIME_1","NONE"
"労働条件","KSHMT_WORKCOND_WORK_TS",3,"END_TIME_2","NONE"
"労働条件","KSHMT_WORKCOND_WORK_TS",3,"HIST_ID","NONE"
"労働条件","KSHMT_WORKCOND_WORK_TS",3,"PER_WORK_DAY_ATR","FIXID_VALUE"
"労働条件","KSHMT_WORKCOND_WORK_TS",3,"SID","NONE"
"労働条件","KSHMT_WORKCOND_WORK_TS",3,"START_TIME_1","NONE"
"労働条件","KSHMT_WORKCOND_WORK_TS",3,"START_TIME_2","NONE"
"労働条件","KSHMT_WORKCOND_WORK_TS",4,"CID","NONE"
"労働条件","KSHMT_WORKCOND_WORK_TS",4,"CONTRACT_CD","NONE"
"労働条件","KSHMT_WORKCOND_WORK_TS",4,"END_TIME_1","NONE"
"労働条件","KSHMT_WORKCOND_WORK_TS",4,"END_TIME_2","NONE"
"労働条件","KSHMT_WORKCOND_WORK_TS",4,"HIST_ID","NONE"
"労働条件","KSHMT_WORKCOND_WORK_TS",4,"PER_WORK_DAY_ATR","FIXID_VALUE"
"労働条件","KSHMT_WORKCOND_WORK_TS",4,"SID","NONE"
"労働条件","KSHMT_WORKCOND_WORK_TS",4,"START_TIME_1","NONE"
"労働条件","KSHMT_WORKCOND_WORK_TS",4,"START_TIME_2","NONE"
"労働条件","KSHMT_WORKCOND_WORK_TS",5,"CID","NONE"
"労働条件","KSHMT_WORKCOND_WORK_TS",5,"CONTRACT_CD","NONE"
"労働条件","KSHMT_WORKCOND_WORK_TS",5,"END_TIME_1","NONE"
"労働条件","KSHMT_WORKCOND_WORK_TS",5,"END_TIME_2","NONE"
"労働条件","KSHMT_WORKCOND_WORK_TS",5,"HIST_ID","NONE"
"労働条件","KSHMT_WORKCOND_WORK_TS",5,"PER_WORK_DAY_ATR","FIXID_VALUE"
"労働条件","KSHMT_WORKCOND_WORK_TS",5,"SID","NONE"
"労働条件","KSHMT_WORKCOND_WORK_TS",5,"START_TIME_1","NONE"
"労働条件","KSHMT_WORKCOND_WORK_TS",5,"START_TIME_2","NONE"
"労働条件","KSHMT_WORKCOND_WORK_TS",6,"CID","NONE"
"労働条件","KSHMT_WORKCOND_WORK_TS",6,"CONTRACT_CD","NONE"
"労働条件","KSHMT_WORKCOND_WORK_TS",6,"END_TIME_1","NONE"
"労働条件","KSHMT_WORKCOND_WORK_TS",6,"END_TIME_2","NONE"
"労働条件","KSHMT_WORKCOND_WORK_TS",6,"HIST_ID","NONE"
"労働条件","KSHMT_WORKCOND_WORK_TS",6,"PER_WORK_DAY_ATR","FIXID_VALUE"
"労働条件","KSHMT_WORKCOND_WORK_TS",6,"SID","NONE"
"労働条件","KSHMT_WORKCOND_WORK_TS",6,"START_TIME_1","NONE"
"労働条件","KSHMT_WORKCOND_WORK_TS",6,"START_TIME_2","NONE"
"労働条件","KSHMT_WORKCOND_WORK_TS",7,"CID","NONE"
"労働条件","KSHMT_WORKCOND_WORK_TS",7,"CONTRACT_CD","NONE"
"労働条件","KSHMT_WORKCOND_WORK_TS",7,"END_TIME_1","NONE"
"労働条件","KSHMT_WORKCOND_WORK_TS",7,"END_TIME_2","NONE"
"労働条件","KSHMT_WORKCOND_WORK_TS",7,"HIST_ID","NONE"
"労働条件","KSHMT_WORKCOND_WORK_TS",7,"PER_WORK_DAY_ATR","FIXID_VALUE"
"労働条件","KSHMT_WORKCOND_WORK_TS",7,"SID","NONE"
"労働条件","KSHMT_WORKCOND_WORK_TS",7,"START_TIME_1","NONE"
"労働条件","KSHMT_WORKCOND_WORK_TS",7,"START_TIME_2","NONE"
"労働条件","KSHMT_WORKCOND_WORK_TS",8,"CID","NONE"
"労働条件","KSHMT_WORKCOND_WORK_TS",8,"CONTRACT_CD","NONE"
"労働条件","KSHMT_WORKCOND_WORK_TS",8,"END_TIME_1","NONE"
"労働条件","KSHMT_WORKCOND_WORK_TS",8,"END_TIME_2","NONE"
"労働条件","KSHMT_WORKCOND_WORK_TS",8,"HIST_ID","NONE"
"労働条件","KSHMT_WORKCOND_WORK_TS",8,"PER_WORK_DAY_ATR","FIXID_VALUE"
"労働条件","KSHMT_WORKCOND_WORK_TS",8,"SID","NONE"
"労働条件","KSHMT_WORKCOND_WORK_TS",8,"START_TIME_1","NONE"
"労働条件","KSHMT_WORKCOND_WORK_TS",8,"START_TIME_2","NONE"
"労働条件","KSHMT_WORKCOND_WORK_TS",9,"CID","NONE"
"労働条件","KSHMT_WORKCOND_WORK_TS",9,"CONTRACT_CD","NONE"
"労働条件","KSHMT_WORKCOND_WORK_TS",9,"END_TIME_1","NONE"
"労働条件","KSHMT_WORKCOND_WORK_TS",9,"END_TIME_2","NONE"
"労働条件","KSHMT_WORKCOND_WORK_TS",9,"HIST_ID","NONE"
"労働条件","KSHMT_WORKCOND_WORK_TS",9,"PER_WORK_DAY_ATR","FIXID_VALUE"
"労働条件","KSHMT_WORKCOND_WORK_TS",9,"SID","NONE"
"労働条件","KSHMT_WORKCOND_WORK_TS",9,"START_TIME_1","NONE"
"労働条件","KSHMT_WORKCOND_WORK_TS",9,"START_TIME_2","NONE"
"年休上限データ","KRCDT_HDPAID_MAX",1,"CONTRACT_CD","NONE"
"年休上限データ","KRCDT_HDPAID_MAX",1,"MAX_MINUTES","NONE"
"年休上限データ","KRCDT_HDPAID_MAX",1,"MAX_TIMES","NONE"
"年休上限データ","KRCDT_HDPAID_MAX",1,"REMAINING_MINUTES","NONE"
"年休上限データ","KRCDT_HDPAID_MAX",1,"REMAINING_TIMES","NONE"
"年休上限データ","KRCDT_HDPAID_MAX",1,"SID","NONE"
"年休上限データ","KRCDT_HDPAID_MAX",1,"USED_MINUTES","NONE"
"年休上限データ","KRCDT_HDPAID_MAX",1,"USED_TIMES","NONE"
"年休付与残数データ","KRCDT_HDPAID_REM",1,"ANNLEAV_ID","NONE"
"年休付与残数データ","KRCDT_HDPAID_REM",1,"CID","NONE"
"年休付与残数データ","KRCDT_HDPAID_REM",1,"CONTRACT_CD","NONE"
"年休付与残数データ","KRCDT_HDPAID_REM",1,"DEADLINE","NONE"
"年休付与残数データ","KRCDT_HDPAID_REM",1,"DEDUCTED_DAYS","NONE"
"年休付与残数データ","KRCDT_HDPAID_REM",1,"EXP_STATUS","NONE"
"年休付与残数データ","KRCDT_HDPAID_REM",1,"GRANT_DATE","NONE"
"年休付与残数データ","KRCDT_HDPAID_REM",1,"GRANT_DAYS","NONE"
"年休付与残数データ","KRCDT_HDPAID_REM",1,"GRANT_MINUTES","NONE"
"年休付与残数データ","KRCDT_HDPAID_REM",1,"PRESCRIBED_DAYS","NONE"
"年休付与残数データ","KRCDT_HDPAID_REM",1,"REGISTER_TYPE","NONE"
"年休付与残数データ","KRCDT_HDPAID_REM",1,"REMAINING_DAYS","NONE"
"年休付与残数データ","KRCDT_HDPAID_REM",1,"REMAINING_MINUTES","NONE"
"年休付与残数データ","KRCDT_HDPAID_REM",1,"SID","NONE"
"年休付与残数データ","KRCDT_HDPAID_REM",1,"STOWAGE_DAYS","NONE"
"年休付与残数データ","KRCDT_HDPAID_REM",1,"USED_DAYS","NONE"
"年休付与残数データ","KRCDT_HDPAID_REM",1,"USED_MINUTES","NONE"
"年休付与残数データ","KRCDT_HDPAID_REM",1,"USED_PERCENT","NONE"
"年休付与残数データ","KRCDT_HDPAID_REM",1,"WORKING_DAYS","NONE"
"年休社員基本情報","KRCMT_HDPAID_BASIC",1,"CID","NONE"
"年休社員基本情報","KRCMT_HDPAID_BASIC",1,"CONTRACT_CD","NONE"
"年休社員基本情報","KRCMT_HDPAID_BASIC",1,"GRANT_STANDARD_DATE","NONE"
"年休社員基本情報","KRCMT_HDPAID_BASIC",1,"GRANT_TABLE_CODE","NONE"
"年休社員基本情報","KRCMT_HDPAID_BASIC",1,"SID","NONE"
"年休社員基本情報","KRCMT_HDPAID_BASIC",1,"WORK_DAYS_BEFORE_INTRO","NONE"
"年休社員基本情報","KRCMT_HDPAID_BASIC",1,"WORK_DAYS_PER_YEAR","NONE"
"所属会社履歴","BSYMT_AFF_COM_HIST",1,"CID","NONE"
"所属会社履歴","BSYMT_AFF_COM_HIST",1,"CONTRACT_CD","NONE"
"所属会社履歴","BSYMT_AFF_COM_HIST",1,"DESTINATION_DATA","NONE"
"所属会社履歴","BSYMT_AFF_COM_HIST",1,"END_DATE","NONE"
"所属会社履歴","BSYMT_AFF_COM_HIST",1,"HIST_ID","NONE"
"所属会社履歴","BSYMT_AFF_COM_HIST",1,"PID","NONE"
"所属会社履歴","BSYMT_AFF_COM_HIST",1,"SID","NONE"
"所属会社履歴","BSYMT_AFF_COM_HIST",1,"START_DATE","NONE"
"所属会社履歴","BSYMT_AFF_COM_HIST_ITEM",1,"ADOPTION_DATE","NONE"
"所属会社履歴","BSYMT_AFF_COM_HIST_ITEM",1,"CONTRACT_CD","NONE"
"所属会社履歴","BSYMT_AFF_COM_HIST_ITEM",1,"HIST_ID","NONE"
"所属会社履歴","BSYMT_AFF_COM_HIST_ITEM",1,"RECRUIMENT_CATEGORY_CD","NONE"
"所属会社履歴","BSYMT_AFF_COM_HIST_ITEM",1,"RETIREMENT_CALC_STR_D","NONE"
"所属会社履歴","BSYMT_AFF_COM_HIST_ITEM",1,"SID","NONE"
"所属分類履歴","BSYMT_AFF_CLASS_HIST",1,"CID","NONE"
"所属分類履歴","BSYMT_AFF_CLASS_HIST",1,"CONTRACT_CD","NONE"
"所属分類履歴","BSYMT_AFF_CLASS_HIST",1,"END_DATE","NONE"
"所属分類履歴","BSYMT_AFF_CLASS_HIST",1,"HIST_ID","NONE"
"所属分類履歴","BSYMT_AFF_CLASS_HIST",1,"SID","NONE"
"所属分類履歴","BSYMT_AFF_CLASS_HIST",1,"START_DATE","NONE"
"所属分類履歴","BSYMT_AFF_CLASS_HIST_ITEM",1,"CLASSIFICATION_CODE","NONE"
"所属分類履歴","BSYMT_AFF_CLASS_HIST_ITEM",1,"CONTRACT_CD","NONE"
"所属分類履歴","BSYMT_AFF_CLASS_HIST_ITEM",1,"HIST_ID","NONE"
"所属分類履歴","BSYMT_AFF_CLASS_HIST_ITEM",1,"SID","NONE"
"所属職位履歴","BSYMT_AFF_JOB_HIST",1,"CID","NONE"
"所属職位履歴","BSYMT_AFF_JOB_HIST",1,"CONTRACT_CD","NONE"
"所属職位履歴","BSYMT_AFF_JOB_HIST",1,"END_DATE","NONE"
"所属職位履歴","BSYMT_AFF_JOB_HIST",1,"HIST_ID","NONE"
"所属職位履歴","BSYMT_AFF_JOB_HIST",1,"SID","NONE"
"所属職位履歴","BSYMT_AFF_JOB_HIST",1,"START_DATE","NONE"
"所属職位履歴","BSYMT_AFF_JOB_HIST_ITEM",1,"CONTRACT_CD","NONE"
"所属職位履歴","BSYMT_AFF_JOB_HIST_ITEM",1,"HIST_ID","NONE"
"所属職位履歴","BSYMT_AFF_JOB_HIST_ITEM",1,"JOB_TITLE_ID","NONE"
"所属職位履歴","BSYMT_AFF_JOB_HIST_ITEM",1,"SID","NONE"
"所属職場履歴","BSYMT_AFF_WKP_HIST",1,"CID","NONE"
"所属職場履歴","BSYMT_AFF_WKP_HIST",1,"CONTRACT_CD","NONE"
"所属職場履歴","BSYMT_AFF_WKP_HIST",1,"END_DATE","NONE"
"所属職場履歴","BSYMT_AFF_WKP_HIST",1,"HIST_ID","NONE"
"所属職場履歴","BSYMT_AFF_WKP_HIST",1,"SID","NONE"
"所属職場履歴","BSYMT_AFF_WKP_HIST",1,"START_DATE","NONE"
"所属職場履歴","BSYMT_AFF_WKP_HIST_ITEM",1,"CONTRACT_CD","NONE"
"所属職場履歴","BSYMT_AFF_WKP_HIST_ITEM",1,"HIST_ID","NONE"
"所属職場履歴","BSYMT_AFF_WKP_HIST_ITEM",1,"SID","NONE"
"所属職場履歴","BSYMT_AFF_WKP_HIST_ITEM",1,"WORKPLACE_ID","NONE"
"所属雇用履歴","BSYMT_AFF_EMP_HIST",1,"CID","NONE"
"所属雇用履歴","BSYMT_AFF_EMP_HIST",1,"CONTRACT_CD","NONE"
"所属雇用履歴","BSYMT_AFF_EMP_HIST",1,"END_DATE","NONE"
"所属雇用履歴","BSYMT_AFF_EMP_HIST",1,"HIST_ID","NONE"
"所属雇用履歴","BSYMT_AFF_EMP_HIST",1,"SID","NONE"
"所属雇用履歴","BSYMT_AFF_EMP_HIST",1,"START_DATE","NONE"
"所属雇用履歴","BSYMT_AFF_EMP_HIST_ITEM",1,"CONTRACT_CD","NONE"
"所属雇用履歴","BSYMT_AFF_EMP_HIST_ITEM",1,"EMP_CD","NONE"
"所属雇用履歴","BSYMT_AFF_EMP_HIST_ITEM",1,"HIST_ID","NONE"
"所属雇用履歴","BSYMT_AFF_EMP_HIST_ITEM",1,"SALARY_SEGMENT","NONE"
"所属雇用履歴","BSYMT_AFF_EMP_HIST_ITEM",1,"SID","NONE"
"打刻データ","KRCDT_STAMP",1,"AUTHC_METHOD","NONE"
"打刻データ","KRCDT_STAMP",1,"CARD_NUMBER","NONE"
"打刻データ","KRCDT_STAMP",1,"CHANGE_CAL_ART","NONE"
"打刻データ","KRCDT_STAMP",1,"CHANGE_CLOCK_ART","NONE"
"打刻データ","KRCDT_STAMP",1,"CHANGE_HALF_DAY","NONE"
"打刻データ","KRCDT_STAMP",1,"CID","NONE"
"打刻データ","KRCDT_STAMP",1,"CONTRACT_CD","NONE"
"打刻データ","KRCDT_STAMP",1,"GO_OUT_ART","NONE"
"打刻データ","KRCDT_STAMP",1,"LATE_NIGHT_OVERTIME","NONE"
"打刻データ","KRCDT_STAMP",1,"LOCATION_LAT","NONE"
"打刻データ","KRCDT_STAMP",1,"LOCATION_LON","NONE"
"打刻データ","KRCDT_STAMP",1,"OVERTIME","NONE"
"打刻データ","KRCDT_STAMP",1,"REFLECTED_ATR","NONE"
"打刻データ","KRCDT_STAMP",1,"REFLECTED_INTO_DATE","NONE"
"打刻データ","KRCDT_STAMP",1,"SET_PRE_CLOCK_ART","NONE"
"打刻データ","KRCDT_STAMP",1,"STAMP_DATE_TIME","NONE"
"打刻データ","KRCDT_STAMP",1,"STAMP_MEANS","NONE"
"打刻データ","KRCDT_STAMP",1,"STAMP_PLACE","NONE"
"打刻データ","KRCDT_STAMP",1,"SUPPORT_CARD","NONE"
"打刻データ","KRCDT_STAMP",1,"TASK_CD1","NONE"
"打刻データ","KRCDT_STAMP",1,"TASK_CD2","NONE"
"打刻データ","KRCDT_STAMP",1,"TASK_CD3","NONE"
"打刻データ","KRCDT_STAMP",1,"TASK_CD4","NONE"
"打刻データ","KRCDT_STAMP",1,"TASK_CD5","NONE"
"打刻データ","KRCDT_STAMP",1,"TIME_RECORD_CODE","NONE"
"打刻データ","KRCDT_STAMP",1,"WORKPLACE_ID","NONE"
"打刻データ","KRCDT_STAMP",1,"WORKTIME","NONE"
"振休管理データ","KRCDT_HD_SUB_MNG",1,"CID","NONE"
"振休管理データ","KRCDT_HD_SUB_MNG",1,"CONTRACT_CD","NONE"
"振休管理データ","KRCDT_HD_SUB_MNG",1,"DAYOFF_DATE","NONE"
"振休管理データ","KRCDT_HD_SUB_MNG",1,"NUMBER_OF_DAYS","NONE"
"振休管理データ","KRCDT_HD_SUB_MNG",1,"REMAIN_DAYS","NONE"
"振休管理データ","KRCDT_HD_SUB_MNG",1,"SID","NONE"
"振休管理データ","KRCDT_HD_SUB_MNG",1,"SUBOFHD_ID","NONE"
"振休管理データ","KRCDT_HD_SUB_MNG",1,"UNKNOWN_DATE","NONE"
"振出管理データ","KRCDT_PAYOUT_MNG",1,"CID","NONE"
"振出管理データ","KRCDT_PAYOUT_MNG",1,"CONTRACT_CD","NONE"
"振出管理データ","KRCDT_PAYOUT_MNG",1,"DAYOFF_DATE","NONE"
"振出管理データ","KRCDT_PAYOUT_MNG",1,"DISAPEAR_DATE","NONE"
"振出管理データ","KRCDT_PAYOUT_MNG",1,"EXPIRED_DATE","NONE"
"振出管理データ","KRCDT_PAYOUT_MNG",1,"LAW_ATR","NONE"
"振出管理データ","KRCDT_PAYOUT_MNG",1,"OCCURRENCE_DAYS","NONE"
"振出管理データ","KRCDT_PAYOUT_MNG",1,"PAYOUT_ID","NONE"
"振出管理データ","KRCDT_PAYOUT_MNG",1,"SID","NONE"
"振出管理データ","KRCDT_PAYOUT_MNG",1,"STATE_ATR","NONE"
"振出管理データ","KRCDT_PAYOUT_MNG",1,"UNKNOWN_DATE","NONE"
"振出管理データ","KRCDT_PAYOUT_MNG",1,"UNUSED_DAYS","NONE"
"日別実績","KRCDT_DAY_TS_ATD_SCHE",1,"ATTENDANCE","NONE"
"日別実績","KRCDT_DAY_TS_ATD_SCHE",1,"CONTRACT_CD","NONE"
"日別実績","KRCDT_DAY_TS_ATD_SCHE",1,"LEAVE_WORK","NONE"
"日別実績","KRCDT_DAY_TS_ATD_SCHE",1,"SID","NONE"
"日別実績","KRCDT_DAY_TS_ATD_SCHE",1,"WORK_NO","FIXID_VALUE"
"日別実績","KRCDT_DAY_TS_ATD_SCHE",1,"YMD","NONE"
"日別実績","KRCDT_DAY_TS_ATD_SCHE",2,"ATTENDANCE","NONE"
"日別実績","KRCDT_DAY_TS_ATD_SCHE",2,"CONTRACT_CD","NONE"
"日別実績","KRCDT_DAY_TS_ATD_SCHE",2,"LEAVE_WORK","NONE"
"日別実績","KRCDT_DAY_TS_ATD_SCHE",2,"SID","NONE"
"日別実績","KRCDT_DAY_TS_ATD_SCHE",2,"WORK_NO","FIXID_VALUE"
"日別実績","KRCDT_DAY_TS_ATD_SCHE",2,"YMD","NONE"
"日別実績","KRCDT_DAY_TS_ATD_STMP",1,"ATD_STAMP_TIME","NONE"
"日別実績","KRCDT_DAY_TS_ATD_STMP",1,"CONTRACT_CD","NONE"
"日別実績","KRCDT_DAY_TS_ATD_STMP",1,"SID","NONE"
"日別実績","KRCDT_DAY_TS_ATD_STMP",1,"TIME_LEAVING_TYPE","NONE"
"日別実績","KRCDT_DAY_TS_ATD_STMP",1,"WORK_NO","FIXID_VALUE"
"日別実績","KRCDT_DAY_TS_ATD_STMP",1,"YMD","NONE"
"日別実績","KRCDT_DAY_TS_ATD_STMP",2,"ATD_STAMP_TIME","NONE"
"日別実績","KRCDT_DAY_TS_ATD_STMP",2,"CONTRACT_CD","NONE"
"日別実績","KRCDT_DAY_TS_ATD_STMP",2,"SID","NONE"
"日別実績","KRCDT_DAY_TS_ATD_STMP",2,"TIME_LEAVING_TYPE","NONE"
"日別実績","KRCDT_DAY_TS_ATD_STMP",2,"WORK_NO","FIXID_VALUE"
"日別実績","KRCDT_DAY_TS_ATD_STMP",2,"YMD","NONE"
"特別休暇付与残数データ","KRCDT_HD_SP_REMAIN",1,"CID","NONE"
"特別休暇付与残数データ","KRCDT_HD_SP_REMAIN",1,"CONTRACT_CD","NONE"
"特別休暇付与残数データ","KRCDT_HD_SP_REMAIN",1,"DEADLINE_DATE","NONE"
"特別休暇付与残数データ","KRCDT_HD_SP_REMAIN",1,"EXPIRED_STATE","NONE"
"特別休暇付与残数データ","KRCDT_HD_SP_REMAIN",1,"GRANT_DATE","NONE"
"特別休暇付与残数データ","KRCDT_HD_SP_REMAIN",1,"NUMBER_DAYS_GRANT","NONE"
"特別休暇付与残数データ","KRCDT_HD_SP_REMAIN",1,"NUMBER_DAYS_REMAIN","NONE"
"特別休暇付与残数データ","KRCDT_HD_SP_REMAIN",1,"NUMBER_DAYS_USE","NONE"
"特別休暇付与残数データ","KRCDT_HD_SP_REMAIN",1,"NUMBER_OVER_DAYS","NONE"
"特別休暇付与残数データ","KRCDT_HD_SP_REMAIN",1,"REGISTRATION_TYPE","NONE"
"特別休暇付与残数データ","KRCDT_HD_SP_REMAIN",1,"SID","NONE"
"特別休暇付与残数データ","KRCDT_HD_SP_REMAIN",1,"SPECIAL_LEAVE_CD","NONE"
"特別休暇付与残数データ","KRCDT_HD_SP_REMAIN",1,"SPECIAL_LEAVE_ID","NONE"
"特別休暇付与残数データ","KRCDT_HD_SP_REMAIN",1,"TIME_GRANT","NONE"
"特別休暇付与残数データ","KRCDT_HD_SP_REMAIN",1,"TIME_OVER","NONE"
"特別休暇付与残数データ","KRCDT_HD_SP_REMAIN",1,"TIME_REMAIN","NONE"
"特別休暇付与残数データ","KRCDT_HD_SP_REMAIN",1,"TIME_USE","NONE"
"特別休暇付与残数データ","KRCDT_HD_SP_REMAIN",1,"USED_SAVING_DAYS","NONE"
"短時間勤務","KSHMT_SHORTTIME_HIST",1,"CID","NONE"
"短時間勤務","KSHMT_SHORTTIME_HIST",1,"CONTRACT_CD","NONE"
"短時間勤務","KSHMT_SHORTTIME_HIST",1,"END_YMD","NONE"
"短時間勤務","KSHMT_SHORTTIME_HIST",1,"HIST_ID","NONE"
"短時間勤務","KSHMT_SHORTTIME_HIST",1,"SID","NONE"
"短時間勤務","KSHMT_SHORTTIME_HIST",1,"STR_YMD","NONE"
"短時間勤務","KSHMT_SHORTTIME_HIST_ITEM",1,"CHILD_CARE_ATR","NONE"
"短時間勤務","KSHMT_SHORTTIME_HIST_ITEM",1,"CONTRACT_CD","NONE"
"短時間勤務","KSHMT_SHORTTIME_HIST_ITEM",1,"HIST_ID","NONE"
"短時間勤務","KSHMT_SHORTTIME_HIST_ITEM",1,"SID","NONE"
"短時間勤務","KSHMT_SHORTTIME_TS",1,"CNT","NONE"
"短時間勤務","KSHMT_SHORTTIME_TS",1,"CONTRACT_CD","NONE"
"短時間勤務","KSHMT_SHORTTIME_TS",1,"END_CLOCK","NONE"
"短時間勤務","KSHMT_SHORTTIME_TS",1,"HIST_ID","NONE"
"短時間勤務","KSHMT_SHORTTIME_TS",1,"SID","NONE"
"短時間勤務","KSHMT_SHORTTIME_TS",1,"STR_CLOCK","NONE"
"短時間勤務","KSHMT_SHORTTIME_TS",2,"CNT","NONE"
"短時間勤務","KSHMT_SHORTTIME_TS",2,"CONTRACT_CD","NONE"
"短時間勤務","KSHMT_SHORTTIME_TS",2,"END_CLOCK","NONE"
"短時間勤務","KSHMT_SHORTTIME_TS",2,"HIST_ID","NONE"
"短時間勤務","KSHMT_SHORTTIME_TS",2,"SID","NONE"
"短時間勤務","KSHMT_SHORTTIME_TS",2,"STR_CLOCK","NONE"
"社員の年休付与設定","KRCMT_HDPAID_BASIC",1,"CID","NONE"
"社員の年休付与設定","KRCMT_HDPAID_BASIC",1,"CONTRACT_CD","NONE"
"社員の年休付与設定","KRCMT_HDPAID_BASIC",1,"GRANT_STANDARD_DATE","NONE"
"社員の年休付与設定","KRCMT_HDPAID_BASIC",1,"GRANT_TABLE_CODE","NONE"
"社員の年休付与設定","KRCMT_HDPAID_BASIC",1,"SID","NONE"
"社員の年休付与設定","KRCMT_HDPAID_BASIC",1,"WORK_DAYS_BEFORE_INTRO","NONE"
"社員の年休付与設定","KRCMT_HDPAID_BASIC",1,"WORK_DAYS_PER_YEAR","NONE"
"社員の特別休暇付与設定","KRCMT_HDSP_BASIC",1,"APPLICATION_SET","NONE"
"社員の特別休暇付与設定","KRCMT_HDSP_BASIC",1,"CID","NONE"
"社員の特別休暇付与設定","KRCMT_HDSP_BASIC",1,"CONTRACT_CD","NONE"
"社員の特別休暇付与設定","KRCMT_HDSP_BASIC",1,"GRANTED_DAYS","NONE"
"社員の特別休暇付与設定","KRCMT_HDSP_BASIC",1,"GRANT_DATE","NONE"
"社員の特別休暇付与設定","KRCMT_HDSP_BASIC",1,"GRANT_TABLE","NONE"
"社員の特別休暇付与設定","KRCMT_HDSP_BASIC",1,"SID","NONE"
"社員の特別休暇付与設定","KRCMT_HDSP_BASIC",1,"SPECIAL_LEAVE_CD","NONE"
"社員の特別休暇付与設定","KRCMT_HDSP_BASIC",1,"USE_ATR","NONE"
"積立休暇付与残数データ","KRCDT_HDSTK_REM",1,"CID","NONE"
"積立休暇付与残数データ","KRCDT_HDSTK_REM",1,"CONTRACT_CD","NONE"
"積立休暇付与残数データ","KRCDT_HDSTK_REM",1,"DEADLINE","NONE"
"積立休暇付与残数データ","KRCDT_HDSTK_REM",1,"EXP_STATUS","NONE"
"積立休暇付与残数データ","KRCDT_HDSTK_REM",1,"GRANT_DATE","NONE"
"積立休暇付与残数データ","KRCDT_HDSTK_REM",1,"GRANT_DAYS","NONE"
"積立休暇付与残数データ","KRCDT_HDSTK_REM",1,"OVER_LIMIT_DAYS","NONE"
"積立休暇付与残数データ","KRCDT_HDSTK_REM",1,"REGISTER_TYPE","NONE"
"積立休暇付与残数データ","KRCDT_HDSTK_REM",1,"REMAINING_DAYS","NONE"
"積立休暇付与残数データ","KRCDT_HDSTK_REM",1,"RVSLEA_ID","NONE"
"積立休暇付与残数データ","KRCDT_HDSTK_REM",1,"SID","NONE"
"積立休暇付与残数データ","KRCDT_HDSTK_REM",1,"USED_DAYS","NONE"
"職場マスタ","BSYMT_WKP_CONFIG_2",1,"CID","NONE"
"職場マスタ","BSYMT_WKP_CONFIG_2",1,"CONTRACT_CD","NONE"
"職場マスタ","BSYMT_WKP_CONFIG_2",1,"END_DATE","NONE"
"職場マスタ","BSYMT_WKP_CONFIG_2",1,"START_DATE","NONE"
"職場マスタ","BSYMT_WKP_CONFIG_2",1,"WKP_HIST_ID","NONE"
"職場マスタ","BSYMT_WKP_INFO",1,"CID","NONE"
"職場マスタ","BSYMT_WKP_INFO",1,"CONTRACT_CD","NONE"
"職場マスタ","BSYMT_WKP_INFO",1,"DELETE_FLAG","NONE"
"職場マスタ","BSYMT_WKP_INFO",1,"HIERARCHY_CD","NONE"
"職場マスタ","BSYMT_WKP_INFO",1,"WKP_CD","NONE"
"職場マスタ","BSYMT_WKP_INFO",1,"WKP_DISP_NAME","NONE"
"職場マスタ","BSYMT_WKP_INFO",1,"WKP_EXTERNAL_CD","NONE"
"職場マスタ","BSYMT_WKP_INFO",1,"WKP_GENERIC","NONE"
"職場マスタ","BSYMT_WKP_INFO",1,"WKP_HIST_ID","NONE"
"職場マスタ","BSYMT_WKP_INFO",1,"WKP_ID","NONE"
"職場マスタ","BSYMT_WKP_INFO",1,"WKP_NAME","NONE"
"職場別就業時間帯","KSHMT_WT_COM_WKP",1,"CID","NONE"
"職場別就業時間帯","KSHMT_WT_COM_WKP",1,"CONTRACT_CD","NONE"
"職場別就業時間帯","KSHMT_WT_COM_WKP",1,"WKP_ID","NONE"
"職場別就業時間帯","KSHMT_WT_COM_WKP",1,"WORKTIME_CD","NONE"
"設備マスタ","OFIDT_EQUIPMENT",1,"CID","NONE"
"設備マスタ","OFIDT_EQUIPMENT",1,"CODE","NONE"
"設備マスタ","OFIDT_EQUIPMENT",1,"CONTRACT_CD","NONE"
"設備マスタ","OFIDT_EQUIPMENT",1,"EQUIPMENT_CLS_CODE","NONE"
"設備マスタ","OFIDT_EQUIPMENT",1,"EXP_END_DATE","NONE"
"設備マスタ","OFIDT_EQUIPMENT",1,"EXP_START_DATE","NONE"
"設備マスタ","OFIDT_EQUIPMENT",1,"NAME","NONE"
"設備マスタ","OFIDT_EQUIPMENT",1,"REMARK","NONE"
"設備分類マスタ","OFIDT_EQUIPMENT_CLS",1,"CODE","NONE"
"設備分類マスタ","OFIDT_EQUIPMENT_CLS",1,"CONTRACT_CD","NONE"
"設備分類マスタ","OFIDT_EQUIPMENT_CLS",1,"NAME","NONE"
