INS_DATE,INS_CCD,INS_SCD,INS_PG,UPD_DATE,UPD_CCD,UPD_SCD,UPD_PG,EXCLUS_VER,CONTRACT_CD,CID,SYSTEM,MENU_CLS,CODE,MENU_ATR,TARGET_ITEMS,DISPLAY_NAME,DISPLAY_ORDER,PROGRAM_ID,SCREEN_ID,QUERY_STRING,URL,WEB_MENU_SETTING,AFTER_LOGIN_DISPLAY,LOG_LOGIN_DISPLAY,LOG_START_DISPLAY,LOG_UPDATE_DISPLAY
,,,,,,,,0,"000000000000","000000000000-0000",0,0,"0000",1,"区切り線","区切り線",0,"000000","A",,"-",1,0,0,0,0
,,,,,,,,0,"000000000000","000000000000-0000",0,0,"0001",0,"会社情報の登録","会社情報の登録",1,"CMM001","A",,"/nts.uk.com.web/view/cmm/001/a/index.xhtml",0,0,0,1,0
,,,,,,,,0,"000000000000","000000000000-0000",0,0,"0002",0,"雇用情報の登録","雇用情報の登録",2,"CMM008","A",,"/nts.uk.com.web/view/cmm/008/a/index.xhtml",1,0,0,1,0
,,,,,,,,0,"000000000000","000000000000-0000",0,0,"0003",0,"分類情報の登録","分類情報の登録",3,"CMM014","A",,"/nts.uk.com.web/view/cmm/014/a/index.xhtml",1,0,0,1,0
,,,,,,,,0,"000000000000","000000000000-0000",0,0,"0004",0,"職位情報の登録","職位情報の登録",4,"CMM013","A",,"/nts.uk.com.web/view/cmm/013/a/index.xhtml",1,0,0,1,0
,,,,,,,,0,"000000000000","000000000000-0000",0,0,"0005",0,"職場情報の登録","職場情報の登録",5,"CMM011","A","initmode=0","/nts.uk.com.web/view/cmm/011/a/index.xhtml",1,0,0,1,0
,,,,,,,,0,"000000000000","000000000000-0000",0,0,"0006",0,"名称の設定","名称の設定",7,"CMM007","A",,"/nts.uk.com.web/view/cmm/007/a/index.xhtml",1,0,0,1,0
,,,,,,,,0,"000000000000","000000000000-0000",0,0,"0007",0,"ロールの登録（就業）","ロールの登録（就業）",8,"CAS005","A",,"/nts.uk.com.web/view/cas/005/a/index.xhtml",0,0,0,1,0
,,,,,,,,0,"000000000000","000000000000-0000",0,0,"0008",0,"ロールの登録（個人情報）","ロールの登録（個人情報）",9,"CAS009","A",,"/nts.uk.com.web/view/cas/009/a/index.xhtml",0,0,0,1,0
,,,,,,,,0,"000000000000","000000000000-0000",0,0,"0009",0,"ロールセットの登録","ロールセットの登録",10,"CAS011","A",,"/nts.uk.com.web/view/cas/011/a/index.xhtml",0,0,0,1,0
,,,,,,,,0,"000000000000","000000000000-0000",0,0,"0010",0,"管理者ロールの付与","管理者ロールの付与",11,"CAS012","A",,"/nts.uk.com.web/view/cas/012/a/index.xhtml",0,0,0,1,0
,,,,,,,,0,"000000000000","000000000000-0000",0,0,"0011",0,"担当ロールの付与","担当ロールの付与",12,"CAS013","A",,"/nts.uk.com.web/view/cas/013/a/index.xhtml",0,0,0,1,0
,,,,,,,,0,"000000000000","000000000000-0000",0,0,"0012",0,"ロールセットの付与","ロールセットの付与",14,"CAS014","A",,"/nts.uk.com.web/view/cas/014/a/index.xhtml",0,0,0,1,0
,,,,,,,,0,"000000000000","000000000000-0000",0,0,"0014",0,"個人情報アクセス権限の設定","個人情報アクセス権限の設定",15,"CAS001","A",,"/nts.uk.com.web/view/cas/001/a/index.xhtml",1,0,0,1,0
,,,,,,,,0,"000000000000","000000000000-0000",0,0,"0015",0,"個人情報の新規レイアウト作成","個人情報の新規レイアウト作成",16,"CPS007","A",,"/nts.uk.com.web/view/cps/007/a/index.xhtml",1,0,0,1,0
,,,,,,,,0,"000000000000","000000000000-0000",0,0,"0016",0,"個人情報の修正レイアウト作成","個人情報の修正レイアウト作成",17,"CPS008","A",,"/nts.uk.com.web/view/cps/008/a/index.xhtml",1,0,0,1,0
,,,,,,,,0,"000000000000","000000000000-0000",0,0,"0017",0,"個人情報定義の追加","個人情報定義の追加",18,"CPS005","A",,"/nts.uk.com.web/view/cps/005/a/index.xhtml",1,0,0,1,0
,,,,,,,,0,"000000000000","000000000000-0000",0,0,"0018",0,"個人情報定義の変更","個人情報定義の変更",19,"CPS006","A",,"/nts.uk.com.web/view/cps/006/a/index.xhtml",1,0,0,1,0
,,,,,,,,0,"000000000000","000000000000-0000",0,0,"0019",0,"個人情報の新規登録","個人情報の新規登録",20,"CPS002","A",,"/nts.uk.com.web/view/cps/002/a/index.xhtml",1,0,0,1,1
,,,,,,,,0,"000000000000","000000000000-0000",0,0,"0020",0,"個人情報の登録","個人情報の登録",21,"CPS001","A",,"/nts.uk.com.web/view/cps/001/a/index.xhtml",1,0,0,1,1
,,,,,,,,0,"000000000000","000000000000-0000",0,0,"0021",0,"個人情報の初期値登録","個人情報の初期値登録",23,"CPS009","A",,"/nts.uk.com.web/view/cps/009/a/index.xhtml",1,0,0,1,0
,,,,,,,,0,"000000000000","000000000000-0000",0,0,"0023",0,"個人情報の選択項目の定義","個人情報の選択項目の定義",24,"CPS016","A",,"/nts.uk.com.web/view/cps/016/a/index.xhtml",1,0,0,1,0
,,,,,,,,0,"000000000000","000000000000-0000",0,0,"0024",0,"個人情報の選択肢の登録","個人情報の選択肢の登録",25,"CPS017","A",,"/nts.uk.com.web/view/cps/017/a/index.xhtml",1,0,0,1,0
,,,,,,,,0,"000000000000","000000000000-0000",0,0,"0025",0,"トップページの作成","トップページの作成",26,"CCG015","A",,"/nts.uk.com.web/view/ccg/015/a/index.xhtml",1,0,0,1,0
,,,,,,,,0,"000000000000","000000000000-0000",0,0,"0026",0,"トップページの割付","トップページの割付",27,"CCG018","A",,"/nts.uk.com.web/view/ccg/018/a/index.xhtml",1,0,0,1,0
,,,,,,,,0,"000000000000","000000000000-0000",0,0,"0027",0,"メニューの設定","メニューの設定",28,"CCG013","A",,"/nts.uk.com.web/view/ccg/013/a/index.xhtml",1,0,0,1,0
,,,,,,,,0,"000000000000","000000000000-0000",0,0,"0029",0,"代行承認者の登録","代行承認者の登録",30,"CMM044","A",,"/nts.uk.com.web/view/cmm/044/a/index.xhtml",1,0,0,1,0
,,,,,,,,0,"000000000000","000000000000-0000",0,0,"0030",0,"職場管理者の登録","職場管理者の登録",31,"CMM051","A",,"/nts.uk.com.web/view/cmm/051/a/index.xhtml",1,0,0,1,0
,,,,,,,,0,"000000000000","000000000000-0000",0,0,"0031",0,"セキュリティーポリシーの設定","セキュリティーポリシーの設定",32,"CAS003","A",,"/nts.uk.com.web/view/cas/003/a/index.xhtml",1,0,0,1,0
,,,,,,,,0,"000000000000","000000000000-0000",0,0,"0032",0,"シングルサインオンの設定","シングルサインオンの設定",33,"CMM021","A",,"/nts.uk.com.web/view/cmm/021/a/index.xhtml",1,0,0,1,0
,,,,,,,,0,"000000000000","000000000000-0000",0,0,"0033",0,"メールサーバの設定","メールサーバの設定",34,"CMM050","A",,"/nts.uk.com.web/view/cmm/050/a/index.xhtml",1,0,0,1,0
,,,,,,,,0,"000000000000","000000000000-0000",0,0,"0034",0,"ユーザーの登録","ユーザーの登録",35,"CAS004","A",,"/nts.uk.com.web/view/cas/004/a/index.xhtml",0,0,0,1,0
,,,,,,,,0,"000000000000","000000000000-0000",0,0,"0035",0,"ロールの登録（給与）","ロールの登録（給与）",36,"CAS006","A",,"/nts.uk.com.web/view/cas/006/a/index.xhtml",0,0,0,1,0
,,,,,,,,0,"000000000000","000000000000-0000",0,0,"0036",0,"ロールの登録（人事）","ロールの登録（人事）",42,"CAS007","A",,"/nts.uk.com.web/view/cas/007/a/index.xhtml",0,0,0,1,0
,,,,,,,,0,"000000000000","000000000000-0000",0,0,"0042",0,"アカウント情報","アカウント情報",43,"CMM048","A",,"/nts.uk.com.web/view/cmm/048/a/index.xhtml",0,0,0,1,0
,,,,,,,,0,"000000000000","000000000000-0000",0,0,"0043",0,"アカウント設定","アカウント設定",48,"CMM049","A",,"/nts.uk.com.web/view/cmm/049/a/index.xhtml",0,0,0,1,0
,,,,,,,,0,"000000000000","000000000000-0000",0,0,"0044",0,"ログ照会","ログ照会",57,"CLI003","A",,"/nts.uk.com.web/view/cli/003/a/index.xhtml",1,0,0,1,0
,,,,,,,,0,"000000000000","000000000000-0000",0,0,"0045",0,"ログ照会 - 記録照会","ログ照会 - 記録照会",58,"CLI003","B",,"/nts.uk.com.web/view/cli/003/b/index.xhtml",0,0,0,1,0
,,,,,,,,0,"000000000000","000000000000-0000",0,0,"0046",0,"ログ照会 - 出力項目設定","ログ照会 - 出力項目設定",59,"CLI003","G",,"/nts.uk.com.web/view/cli/003/g/index.xhtml",0,0,0,1,0
,,,,,,,,0,"000000000000","000000000000-0000",0,0,"0048",0,"個人情報マトリクス入力","個人情報マトリクス入力",51,"CPS003","A",,"/nts.uk.com.web/view/cps/003/a/index.xhtml",0,0,0,1,0
,,,,,,,,0,"000000000000","000000000000-0000",0,0,"0051",0,"トップページアラーム設定","トップページアラーム設定",55,"CCG009","A",,"/nts.uk.com.web/view/ccg/009/index.xhtml",1,0,0,1,0
,,,,,,,,0,"000000000000","000000000000-0000",0,0,"0057",0,"外部受入","外部受入",60,"CMF001","A",,"/nts.uk.com.web/view/cmf/001/a/index.xhtml",0,0,0,1,0
,,,,,,,,0,"000000000000","000000000000-0000",0,0,"0059",0,"データ保存","データ保存",73,"CMF003","A",,"/nts.uk.com.web/view/cmf/003/a/index.xhtml",1,0,0,1,0
,,,,,,,,0,"000000000000","000000000000-0000",0,0,"0060",0,"データ保存 - 実行","データ保存 - 実行",74,"CMF003","B",,"/nts.uk.com.web/view/cmf/003/b/index.xhtml",0,0,0,1,0
,,,,,,,,0,"000000000000","000000000000-0000",0,0,"0061",0,"データ保存 - 社員選択","データ保存 - 社員選択",75,"CMF003","D",,"/nts.uk.com.web/view/cmf/003/d/index.xhtml",0,0,0,1,0
,,,,,,,,0,"000000000000","000000000000-0000",0,0,"0062",0,"データ保存 - 設定確認","データ保存 - 設定確認",76,"CMF003","E",,"/nts.uk.com.web/view/cmf/003/e/index.xhtml",0,0,0,1,0
,,,,,,,,0,"000000000000","000000000000-0000",0,0,"0063",0,"データ復旧","データ復旧",78,"CMF004","A",,"/nts.uk.com.web/view/cmf/004/a/index.xhtml",1,0,0,1,0
,,,,,,,,0,"000000000000","000000000000-0000",0,0,"0064",0,"データ復旧 - 実行","データ復旧 - 実行",79,"CMF004","B",,"/nts.uk.com.web/view/cmf/004/b/index.xhtml",0,0,0,1,0
,,,,,,,,0,"000000000000","000000000000-0000",0,0,"0065",0,"データ復旧 - 内容確認","データ復旧 - 内容確認",80,"CMF004","E",,"/nts.uk.com.web/view/cmf/004/e/index.xhtml",0,0,0,1,0
,,,,,,,,0,"000000000000","000000000000-0000",0,0,"0066",0,"データ復旧 - 期間変更","データ復旧 - 期間変更",81,"CMF004","F",,"/nts.uk.com.web/view/cmf/004/f/index.xhtml",0,0,0,1,0
,,,,,,,,0,"000000000000","000000000000-0000",0,0,"0067",0,"データ復旧 - 社員選択","データ復旧 - 社員選択",82,"CMF004","G",,"/nts.uk.com.web/view/cmf/004/g/index.xhtml",0,0,0,1,0
,,,,,,,,0,"000000000000","000000000000-0000",0,0,"0068",0,"データ復旧 - 設定確認","データ復旧 - 設定確認",83,"CMF004","H",,"/nts.uk.com.web/view/cmf/004/h/index.xhtml",0,0,0,1,0
,,,,,,,,0,"000000000000","000000000000-0000",0,0,"0069",0,"元号の登録","元号の登録",87,"CMM020","A",,"/nts.uk.com.web/view/cmm/020/a/index.xhtml",1,0,0,1,0
,,,,,,,,0,"000000000000","000000000000-0000",0,0,"0070",0,"データ復旧 - 実行履歴","データ復旧 - 実行履歴",84,"CMF004","J",,"/nts.uk.com.web/view/cmf/004/j/index.xhtml",0,0,0,1,0
,,,,,,,,0,"000000000000","000000000000-0000",0,0,"0071",0,"データ保存 - 実行履歴","データ保存 - 実行履歴",77,"CMF003","I",,"/nts.uk.com.web/view/cmf/003/i/index.xhtml",0,0,0,1,0
,,,,,,,,0,"000000000000","000000000000-0000",0,0,"0075",0,"データ削除","データ削除",85,"CMF005","A",,"/nts.uk.com.web/view/cmf/005/a/index.xhtml",1,0,0,1,0
,,,,,,,,0,"000000000000","000000000000-0000",0,0,"0076",0,"データ削除 - 実行","データ削除 - 実行",86,"CMF005","B",,"/nts.uk.com.web/view/cmf/005/b/index.xhtml",0,0,0,1,0
,,,,,,,,0,"000000000000","000000000000-0000",0,0,"0078",0,"外部受入 - 設定","外部受入 - 設定",61,"CMF001","B",,"/nts.uk.com.web/view/cmf/001/b/index.xhtml",0,0,0,1,0
,,,,,,,,0,"000000000000","000000000000-0000",0,0,"0079",0,"外部受入 - 受入内容を設定","外部受入 - 受入内容を設定",62,"CMF001","D",,"/nts.uk.com.web/view/cmf/001/d/index.xhtml",0,0,0,1,0
,,,,,,,,0,"000000000000","000000000000-0000",0,0,"0080",0,"外部受入 - 実行","外部受入 - 実行",63,"CMF001","O",,"/nts.uk.com.web/view/cmf/001/o/index.xhtml",0,0,0,1,0
,,,,,,,,0,"000000000000","000000000000-0000",0,0,"0081",0,"外部受入 - 実行履歴","外部受入 - 実行履歴",64,"CMF001","S",,"/nts.uk.com.web/view/cmf/001/s/index.xhtml",0,0,0,1,0
,,,,,,,,0,"000000000000","000000000000-0000",0,0,"0082",0,"外部出力の前準備","外部出力の前準備",65,"CMF006","A",,"/nts.uk.com.web/view/cmf/006/a/index.xhtml",0,0,0,1,0
,,,,,,,,0,"000000000000","000000000000-0000",0,0,"0083",0,"外部出力","外部出力",66,"CMF002","A",,"/nts.uk.com.web/view/cmf/002/a/index.xhtml",0,0,0,1,0
,,,,,,,,0,"000000000000","000000000000-0000",0,0,"0084",0,"外部出力 - 設定","外部出力 - 設定",67,"CMF002","B",,"/nts.uk.com.web/view/cmf/002/b/index.xhtml",0,0,0,1,0
,,,,,,,,0,"000000000000","000000000000-0000",0,0,"0085",0,"外部出力 - 実行","外部出力 - 実行",68,"CMF002","O",,"/nts.uk.com.web/view/cmf/002/o/index.xhtml",0,0,0,1,0
,,,,,,,,0,"000000000000","000000000000-0000",0,0,"0086",0,"外部出力 - 実行履歴","外部出力 - 実行履歴",72,"CMF002","X",,"/nts.uk.com.web/view/cmf/002/x/index.xhtml",0,0,0,1,0
,,,,,,,,0,"000000000000","000000000000-0000",0,0,"0087",0,"トップページ","トップページ",88,"CCG008","A",,"/nts.uk.com.web/view/ccg/008/a/index.xhtml",0,0,0,1,0
,,,,,,,,0,"000000000000","000000000000-0000",0,0,"0088",0,"システムログ","システムログ",89,"CMF007","A",,"/nts.uk.com.web/view/cmf/007/a/index.xhtml",1,0,0,1,0
,,,,,,,,0,"000000000000","000000000000-0000",0,0,"0089",0,"システム利用停止の設定","システム利用停止の設定",90,"CCG022","A",,"/nts.uk.com.web/view/ccg/022/a/index.xhtml",0,0,0,1,0
,,,,,,,,0,"000000000000","000000000000-0000",0,0,"0090",0,"個人情報整合性チェック","個人情報整合性チェック",91,"CPS013","A",,"/nts.uk.com.web/view/cps/013/a/index.xhtml",1,0,0,1,0
,,,,,,,,0,"000000000000","000000000000-0000",0,0,"0091",0,"部門情報の登録","部門情報の登録",6,"CMM011","A","initmode=1","/nts.uk.com.web/view/cmm/011/a/index.xhtml",1,0,1,1,1
,,,,,,,,0,"000000000000","000000000000-0000",0,0,"0134",0,"ロックアウト一覧","ロックアウト一覧",56,"CLI001","A",,"/nts.uk.com.web/view/cli/001/a/index.xhtml",1,0,0,1,0
,,,,,,,,0,"000000000000","000000000000-0000",0,0,"0194",0,"IPアドレスの制限設定","IPアドレスの制限設定",92,"CMM002","A",,"/nts.uk.com.web/view/cmm/002/a/index.xhtml",1,0,1,1,1
,,,,,,,,0,"000000000000","000000000000-0000",0,0,"0221",0,"トップページの作成","トップページの作成",26,"CCG015","B",,"/nts.uk.com.web/view/ccg/015/b/index.xhtml",0,0,0,0,0
,,,,,,,,0,"000000000000","000000000000-0000",0,0,"0222",0,"フローメニューの作成","フローメニューの作成",26,"CCG034","A",,"/nts.uk.com.web/view/ccg/034/a/index.xhtml",0,0,1,1,1
,,,,,,,,0,"000000000000","000000000000-0000",0,0,"0227",0,"カテゴリ設定","カテゴリ設定",188,"CMF003","C",,"/nts.uk.com.web/view/cmf/003/c/index.xhtml",1,0,1,1,1
,,,,,,,,0,"000000000000","000000000000-0000",1,0,"0002",0,"休暇設定","休暇設定",1,"KMF001","A",,"/nts.uk.at.web/view/kmf/001/a/index.xhtml",1,0,0,1,0
,,,,,,,,0,"000000000000","000000000000-0000",1,0,"0003",0,"年休付与の登録","年休付与の登録",16,"KMF003","A",,"/nts.uk.at.web/view/kmf/003/a/index.xhtml",1,0,0,1,0
,,,,,,,,0,"000000000000","000000000000-0000",1,0,"0005",0,"処理年月の設定","処理年月の設定",18,"KMK012","A",,"/nts.uk.at.web/view/kmk/012/a/index.xhtml",1,0,0,1,0
,,,,,,,,0,"000000000000","000000000000-0000",1,0,"0006",0,"任意項目の登録","任意項目の登録",19,"KMK002","A",,"/nts.uk.at.web/view/kmk/002/a/index.xhtml",1,0,0,1,0
,,,,,,,,0,"000000000000","000000000000-0000",1,0,"0007",0,"就業時間帯の登録","就業時間帯の登録",20,"KMK003","A",,"/nts.uk.at.web/view/kmk/003/a/index.xhtml",1,0,0,1,0
,,,,,,,,0,"000000000000","000000000000-0000",1,0,"0008",0,"法定労働時間の登録","法定労働時間の登録",21,"KMK004","A",,"/nts.uk.at.web/view/kmk/004/a/index.xhtml",1,0,0,1,0
,,,,,,,,0,"000000000000","000000000000-0000",1,0,"0009",0,"自動計算の設定","自動計算の設定",25,"KMK006","A",,"/nts.uk.at.web/view/kmk/006/a/index.xhtml",1,0,0,1,0
,,,,,,,,0,"000000000000","000000000000-0000",1,0,"0010",0,"勤務種類の登録","勤務種類の登録",26,"KMK007","A",,"/nts.uk.at.web/view/kmk/007/a/index.xhtml",1,0,0,1,0
,,,,,,,,0,"000000000000","000000000000-0000",1,0,"0011",0,"３６協定目安時間の登録","３６協定目安時間の登録",27,"KMK008","A",,"/nts.uk.at.web/view/kmk/008/a/index.xhtml",1,0,0,1,0
,,,,,,,,0,"000000000000","000000000000-0000",1,0,"0012",0,"回数集計の登録","回数集計の登録",30,"KMK009","A",,"/nts.uk.at.web/view/kmk/009/a/index.xhtml",1,0,0,1,0
,,,,,,,,0,"000000000000","000000000000-0000",1,0,"0013",0,"時間外超過の登録","時間外超過の登録",31,"KMK010","A",,"/nts.uk.at.web/view/kmk/010/a/index.xhtml",1,0,0,1,0
,,,,,,,,0,"000000000000","000000000000-0000",1,0,"0014",0,"乖離時間の登録","乖離時間の登録",32,"KMK011","A",,"/nts.uk.at.web/view/kmk/011/a/index.xhtml",1,0,0,1,0
,,,,,,,,0,"000000000000","000000000000-0000",1,0,"0015",0,"人件費計算の設定","人件費計算の設定",35,"KML001","A",,"/nts.uk.at.web/view/kml/001/a/index.xhtml",1,0,0,1,0
,,,,,,,,0,"000000000000","000000000000-0000",1,0,"0018",0,"カレンダーの登録","カレンダーの登録",36,"KSM004","A",,"/nts.uk.at.web/view/ksm/004/a/index.xhtml",1,0,0,1,0
,,,,,,,,0,"000000000000","000000000000-0000",1,0,"0019",0,"月間パターンの登録","月間パターンの登録",37,"KSM005","A",,"/nts.uk.at.web/view/ksm/005/a/index.xhtml",1,0,0,1,0
,,,,,,,,0,"000000000000","000000000000-0000",1,0,"0020",0,"基本勤務の登録","基本勤務の登録",40,"KSM006","A",,"/nts.uk.at.web/view/ksm/006/a/index.xhtml",1,0,0,1,0
,,,,,,,,0,"000000000000","000000000000-0000",1,0,"0021",0,"個人スケジュールの作成","個人スケジュールの作成",42,"KSC001","A",,"/nts.uk.at.web/view/ksc/001/a/index.xhtml",1,0,0,1,1
,,,,,,,,0,"000000000000","000000000000-0000",1,0,"0023",0,"個人スケジュール修正（職場別）","個人スケジュール修正（職場別）",45,"KSU001","A",,"/nts.uk.at.web/view/ksu/001/a/index.xhtml",1,0,0,1,1
,,,,,,,,0,"000000000000","000000000000-0000",1,0,"0024",0,"就業計算と集計","就業計算と集計",47,"KDW001","A",,"/nts.uk.at.web/view/kdw/001/a/index.xhtml",1,0,0,1,0
,,,,,,,,0,"000000000000","000000000000-0000",1,0,"0025",0,"日別実績の修正","日別実績の修正",53,"KDW003","A",,"/nts.uk.at.web/view/kdw/003/a/index.xhtml",1,1,0,1,1
,,,,,,,,0,"000000000000","000000000000-0000",1,0,"0026",0,"勤怠項目前準備","勤怠項目前準備",54,"KDW006","A",,"/nts.uk.at.web/view/kdw/006/a/index.xhtml",1,0,0,1,0
,,,,,,,,0,"000000000000","000000000000-0000",1,0,"0030",0,"承認者の登録（就業）","承認者の登録（就業）",62,"CMM018","A",,"/nts.uk.com.web/view/cmm/018/a/index.xhtml",1,0,0,1,0
,,,,,,,,0,"000000000000","000000000000-0000",1,0,"0031",0,"残業申請（早出残業）","残業申請（早出残業）",76,"KAF005","A","overworkatr=0","/nts.uk.at.web/view/kaf/005/a/index.xhtml",1,0,0,1,0
,,,,,,,,0,"000000000000","000000000000-0000",1,0,"0032",0,"残業申請（普通残業）","残業申請（普通残業）",77,"KAF005","A","overworkatr=1","/nts.uk.at.web/view/kaf/005/a/index.xhtml",1,0,0,1,0
,,,,,,,,0,"000000000000","000000000000-0000",1,0,"0033",0,"残業申請","残業申請",78,"KAF005","A","overworkatr=2","/nts.uk.at.web/view/kaf/005/a/index.xhtml",1,0,0,1,0
,,,,,,,,0,"000000000000","000000000000-0000",1,0,"0034",0,"直行直帰申請","直行直帰申請",80,"KAF009","A",,"/nts.uk.at.web/view/kaf/009/a/index.xhtml",1,0,0,1,0
,,,,,,,,0,"000000000000","000000000000-0000",1,0,"0035",0,"更新処理自動実行","更新処理自動実行",63,"KBT002","A",,"/nts.uk.at.web/view/kbt/002/a/index.xhtml",1,0,0,1,0
,,,,,,,,0,"000000000000","000000000000-0000",1,0,"0036",0,"アラームリストの前準備","アラームリストの前準備",67,"KAL002","A",,"/nts.uk.at.web/view/kal/002/a/index.xhtml",1,0,0,1,0
,,,,,,,,0,"000000000000","000000000000-0000",1,0,"0037",0,"遅刻早退取消申請","遅刻早退取消申請",34,"KAF004","A",,"/nts.uk.at.web/view/kaf/004/a/index.xhtml",1,0,1,1,1
,,,,,,,,0,"000000000000","000000000000-0000",1,0,"0038",0,"打刻申請","打刻申請",35,"KAF002","A",,"/nts.uk.at.web/view/kaf/002/a/index.xhtml",1,0,1,1,1
,,,,,,,,0,"000000000000","000000000000-0000",1,0,"0040",0,"スケジュールの前準備","スケジュールの前準備",41,"KSM011","A",,"/nts.uk.at.web/view/ksm/011/a/index.xhtml",1,0,1,1,1
,,,,,,,,0,"000000000000","000000000000-0000",1,0,"0041",0,"申請の前準備","申請の前準備",72,"KAF022","A",,"/nts.uk.at.web/view/kaf/022/a/index.xhtml",1,0,0,1,0
,,,,,,,,0,"000000000000","000000000000-0000",1,0,"0042",0,"個人スケジュールの一括修正","個人スケジュールの一括修正",46,"KSU007","A",,"/nts.uk.at.web/view/ksu/007/a/index.xhtml",1,0,0,1,0
,,,,,,,,0,"000000000000","000000000000-0000",1,0,"0043",0,"休日設定","休日設定",66,"KMF002","G",,"/nts.uk.at.web/view/kmf/002/g/index.xhtml",1,0,0,1,0
,,,,,,,,0,"000000000000","000000000000-0000",1,0,"0044",0,"アラームリストの前準備 - パターン設定","アラームリストの前準備 - パターン設定",69,"KAL004","A",,"/nts.uk.at.web/view/kal/004/a/index.xhtml",0,0,0,1,0
,,,,,,,,0,"000000000000","000000000000-0000",1,0,"0045",0,"アラームリストの前準備 - チェック条件","アラームリストの前準備 - チェック条件",70,"KAL003","A",,"/nts.uk.at.web/view/kal/003/a/index.xhtml",0,0,0,1,0
,,,,,,,,0,"000000000000","000000000000-0000",1,0,"0046",0,"申請一覧","申請一覧",73,"CMM045","A","a=0","/nts.uk.at.web/view/cmm/045/a/index.xhtml",1,0,0,1,0
,,,,,,,,0,"000000000000","000000000000-0000",1,0,"0047",0,"承認一覧","承認一覧",74,"CMM045","A","a=1","/nts.uk.at.web/view/cmm/045/a/index.xhtml",1,0,0,1,0
,,,,,,,,0,"000000000000","000000000000-0000",1,0,"0048",0,"休暇申請","休暇申請",82,"KAF006","A",,"/nts.uk.at.web/view/kaf/006/a/index.xhtml",1,0,0,1,0
,,,,,,,,0,"000000000000","000000000000-0000",1,0,"0049",0,"勤務変更申請","勤務変更申請",84,"KAF007","A",,"/nts.uk.at.web/view/kaf/007/a/index.xhtml",1,0,0,1,0
,,,,,,,,0,"000000000000","000000000000-0000",1,0,"0050",0,"休日出勤申請","休日出勤申請",86,"KAF010","A",,"/nts.uk.at.web/view/kaf/010/a/index.xhtml",1,0,0,1,0
,,,,,,,,0,"000000000000","000000000000-0000",1,0,"0051",0,"振休振出申請","振休振出申請",88,"KAF011","A",,"/nts.uk.at.web/view/kaf/011/a/index.xhtml",1,0,0,1,0
,,,,,,,,0,"000000000000","000000000000-0000",1,0,"0052",0,"日別実績の確認","日別実績の確認",96,"KDW004","A",,"/nts.uk.at.web/view/kdw/004/a/index.xhtml",1,0,0,1,0
,,,,,,,,0,"000000000000","000000000000-0000",1,0,"0053",0,"アラームリスト","アラームリスト",71,"KAL001","A",,"/nts.uk.at.web/view/kal/001/a/index.xhtml",1,0,0,1,0
,,,,,,,,0,"000000000000","000000000000-0000",1,0,"0054",0,"計算設定","計算設定",97,"KMK013","A",,"/nts.uk.at.web/view/kmk/013/a/index.xhtml",1,0,0,1,0
,,,,,,,,0,"000000000000","000000000000-0000",1,0,"0055",0,"休暇残数管理表","休暇残数管理表",103,"KDR001","A",,"/nts.uk.at.web/view/kdr/001/a/index.xhtml",1,0,0,1,0
,,,,,,,,0,"000000000000","000000000000-0000",1,0,"0056",0,"月別実績の修正","月別実績の修正",104,"KMW003","A","initmode=0","/nts.uk.at.web/view/kmw/003/a/index.xhtml",1,0,0,1,1
,,,,,,,,0,"000000000000","000000000000-0000",1,0,"0057",0,"月締め更新","月締め更新",106,"KMW006","A",,"/nts.uk.at.web/view/kmw/006/a/index.xhtml",1,0,0,1,0
,,,,,,,,0,"000000000000","000000000000-0000",1,0,"0059",0,"休暇設定 - 年次有給休暇","休暇設定 - 年次有給休暇",2,"KMF001","C",,"/nts.uk.at.web/view/kmf/001/c/index.xhtml",0,0,0,1,0
,,,,,,,,0,"000000000000","000000000000-0000",1,0,"0060",0,"休暇設定 - 積立年休","休暇設定 - 積立年休",3,"KMF001","D",,"/nts.uk.at.web/view/kmf/001/d/index.xhtml",0,0,0,1,0
,,,,,,,,0,"000000000000","000000000000-0000",1,0,"0061",0,"休暇設定 - 代休","休暇設定 - 代休",4,"KMF001","F",,"/nts.uk.at.web/view/kmf/001/f/index.xhtml",0,0,0,1,0
,,,,,,,,0,"000000000000","000000000000-0000",1,0,"0062",0,"休暇設定 - 振休","休暇設定 - 振休",5,"KMF001","H",,"/nts.uk.at.web/view/kmf/001/h/index.xhtml",0,0,0,1,0
,,,,,,,,0,"000000000000","000000000000-0000",1,0,"0063",0,"休暇設定 - ６０H超休","休暇設定 - ６０H超休",6,"KMF001","J",,"/nts.uk.at.web/view/kmf/001/j/index.xhtml",0,0,0,1,0
,,,,,,,,0,"000000000000","000000000000-0000",1,0,"0064",0,"休暇設定 - 看護介護休暇","休暇設定 - 看護介護休暇",7,"KMF001","L",,"/nts.uk.at.web/view/kmf/001/l/index.xhtml",0,0,0,1,0
,,,,,,,,0,"000000000000","000000000000-0000",1,0,"0065",0,"計算設定 - 就業時間の加算設定","計算設定 - 就業時間の加算設定",98,"KMK013","B",,"/nts.uk.at.web/view/kmk/013/b/index.xhtml",0,0,0,1,0
,,,,,,,,0,"000000000000","000000000000-0000",1,0,"0066",0,"計算設定 - ゼロ時跨ぎ計算設定","計算設定 - ゼロ時跨ぎ計算設定",99,"KMK013","C",,"/nts.uk.at.web/view/kmk/013/c/index.xhtml",0,0,0,1,0
,,,,,,,,0,"000000000000","000000000000-0000",1,0,"0067",0,"計算設定 - フレックス勤務の設定","計算設定 - フレックス勤務の設定",100,"KMK013","D",,"/nts.uk.at.web/view/kmk/013/d/index.xhtml",0,0,0,1,0
,,,,,,,,0,"000000000000","000000000000-0000",1,0,"0068",0,"計算設定 - 月別実績項目の丸め設定","計算設定 - 月別実績項目の丸め設定",101,"KMK013","E",,"/nts.uk.at.web/view/kmk/013/e/index.xhtml",0,0,0,1,0
,,,,,,,,0,"000000000000","000000000000-0000",1,0,"0069",0,"計算設定 - 打刻設定","計算設定 - 打刻設定",102,"KMK013","H",,"/nts.uk.at.web/view/kmk/013/h/index.xhtml",0,0,0,1,0
,,,,,,,,0,"000000000000","000000000000-0000",1,0,"0070",0,"乖離時間の登録 - 名称の登録","乖離時間の登録 - 名称の登録",33,"KMK011","B",,"/nts.uk.at.web/view/kmk/011/b/index.xhtml",0,0,0,1,0
,,,,,,,,0,"000000000000","000000000000-0000",1,0,"0071",0,"乖離時間の登録 - 乖離基準時間の登録","乖離時間の登録 - 乖離基準時間の登録",34,"KMK011","D",,"/nts.uk.at.web/view/kmk/011/d/index.xhtml",0,0,0,1,0
,,,,,,,,0,"000000000000","000000000000-0000",1,0,"0072",0,"３６協定目安時間の登録 - 基本設定","３６協定目安時間の登録 - 基本設定",28,"KMK008","B",,"/nts.uk.at.web/view/kmk/008/b/index.xhtml",0,0,0,1,0
,,,,,,,,0,"000000000000","000000000000-0000",1,0,"0073",0,"３６協定目安時間の登録 - 特例設定","３６協定目安時間の登録 - 特例設定",29,"KMK008","G",,"/nts.uk.at.web/view/kmk/008/g/index.xhtml",0,0,0,1,0
,,,,,,,,0,"000000000000","000000000000-0000",1,0,"0074",0,"加給時間帯の設定","加給時間帯の設定",108,"KMK005","A",,"/nts.uk.at.web/view/kmk/005/a/index.xhtml",1,0,0,1,0
,,,,,,,,0,"000000000000","000000000000-0000",1,0,"0075",0,"加給時間帯の設定 - 登録","加給時間帯の設定 - 登録",109,"KMK005","F",,"/nts.uk.at.web/view/kmk/005/f/index.xhtml",0,0,0,1,0
,,,,,,,,0,"000000000000","000000000000-0000",1,0,"0076",0,"加給時間帯の設定 - 割付","加給時間帯の設定 - 割付",110,"KMK005","G",,"/nts.uk.at.web/view/kmk/005/g/index.xhtml",0,0,0,1,0
,,,,,,,,0,"000000000000","000000000000-0000",1,0,"0077",0,"打刻入力","打刻入力",111,"KDP001","A",,"/nts.uk.at.web/view/kdp/001/a/index.xhtml",0,0,0,1,0
,,,,,,,,0,"000000000000","000000000000-0000",1,0,"0078",0,"打刻一覧","打刻一覧",112,"KDP003","A",,"/nts.uk.at.web/view/kdp/003/a/index.xhtml",0,0,0,1,0
,,,,,,,,0,"000000000000","000000000000-0000",1,0,"0079",0,"打刻一覧表示","打刻一覧表示",113,"KDP003","C",,"/nts.uk.at.web/view/kdp/003/c/index.xhtml",0,0,0,1,0
,,,,,,,,0,"000000000000","000000000000-0000",1,0,"0082",0,"個人スケジュールの作成 - 実行","個人スケジュールの作成 - 実行",43,"KSC001","B",,"/nts.uk.at.web/view/ksc/001/b/index.xhtml",0,0,0,1,0
,,,,,,,,0,"000000000000","000000000000-0000",1,0,"0083",0,"個人スケジュールの作成 - 実行履歴参照","個人スケジュールの作成 - 実行履歴参照",44,"KSC001","G",,"/nts.uk.at.web/view/ksc/001/g/index.xhtml",0,0,0,1,0
,,,,,,,,0,"000000000000","000000000000-0000",1,0,"0084",0,"目安時間・金額の登録","目安時間・金額の登録",116,"KSM001","A",,"/nts.uk.at.web/view/ksm/001/a/index.xhtml",0,0,0,1,0
,,,,,,,,0,"000000000000","000000000000-0000",1,0,"0085",0,"特定日の登録","特定日の登録",117,"KSM002","A",,"/nts.uk.at.web/view/ksm/002/a/index.xhtml",0,0,0,1,0
,,,,,,,,0,"000000000000","000000000000-0000",1,0,"0086",0,"勤務サイクルの登録","勤務サイクルの登録",118,"KSM003","A",,"/nts.uk.at.web/view/ksm/003/a/index.xhtml",1,0,0,1,0
,,,,,,,,0,"000000000000","000000000000-0000",1,0,"0087",0,"月間パターンの登録","月間パターンの登録",38,"KSM005","A",,"/nts.uk.at.web/view/ksm/005/a/index.xhtml",1,0,0,1,0
,,,,,,,,0,"000000000000","000000000000-0000",1,0,"0092",0,"外部予算実績の受入","外部予算実績の受入",119,"KSU006","A",,"/nts.uk.at.web/view/ksu/006/a/index.xhtml",0,0,0,1,0
,,,,,,,,0,"000000000000","000000000000-0000",1,0,"0093",0,"更新処理自動実行 - 実行設定","更新処理自動実行 - 実行設定",64,"KBT002","B",,"/nts.uk.at.web/view/kbt/002/b/index.xhtml",0,0,0,1,0
,,,,,,,,0,"000000000000","000000000000-0000",1,0,"0094",0,"更新処理自動実行 - 実行選択","更新処理自動実行 - 実行選択",65,"KBT002","F",,"/nts.uk.at.web/view/kbt/002/f/index.xhtml",0,0,0,1,0
,,,,,,,,0,"000000000000","000000000000-0000",1,0,"0095",0,"就業計算と集計 - 詳細実行","就業計算と集計 - 詳細実行",48,"KDW001","B",,"/nts.uk.at.web/view/kdw/001/b/index.xhtml",0,0,0,1,0
,,,,,,,,0,"000000000000","000000000000-0000",1,0,"0096",0,"就業計算と集計 - 簡易実行","就業計算と集計 - 簡易実行",49,"KDW001","J",,"/nts.uk.at.web/view/kdw/001/j/index.xhtml",0,0,0,1,0
,,,,,,,,0,"000000000000","000000000000-0000",1,0,"0097",0,"就業計算と集計 - 実行履歴","就業計算と集計 - 実行履歴",50,"KDW001","F",,"/nts.uk.at.web/view/kdw/001/f/index.xhtml",0,0,0,1,0
,,,,,,,,0,"000000000000","000000000000-0000",1,0,"0098",0,"勤怠項目利用設定 - 表示制御","勤怠項目利用設定 - 表示制御",51,"KDW002","A",,"/nts.uk.at.web/view/kdw/002/a/index.xhtml",0,0,0,1,0
,,,,,,,,0,"000000000000","000000000000-0000",1,0,"0099",0,"勤怠項目利用設定 - 利用設定","勤怠項目利用設定 - 利用設定",52,"KDW002","C",,"/nts.uk.at.web/view/kdw/002/c/index.xhtml",0,0,0,1,0
,,,,,,,,0,"000000000000","000000000000-0000",1,0,"0100",0,"勤怠項目前準備 - 運用設定","勤怠項目前準備 - 運用設定",55,"KDW006","B",,"/nts.uk.at.web/view/kdw/006/b/index.xhtml",0,0,0,1,0
,,,,,,,,0,"000000000000","000000000000-0000",1,0,"0101",0,"勤怠項目前準備 - 機能制御","勤怠項目前準備 - 機能制御",56,"KDW006","C",,"/nts.uk.at.web/view/kdw/006/c/index.xhtml",0,0,0,1,0
,,,,,,,,0,"000000000000","000000000000-0000",1,0,"0102",0,"勤怠項目前準備 - 権限別機能制御","勤怠項目前準備 - 権限別機能制御",57,"KDW006","D",,"/nts.uk.at.web/view/kdw/006/d/index.xhtml",0,0,0,1,0
,,,,,,,,0,"000000000000","000000000000-0000",1,0,"0103",0,"勤怠項目前準備 - 勤務種類の制御","勤怠項目前準備 - 勤務種類の制御",58,"KDW006","G",,"/nts.uk.at.web/view/kdw/006/g/index.xhtml",0,0,0,1,0
,,,,,,,,0,"000000000000","000000000000-0000",1,0,"0104",0,"勤怠項目前準備 - エラーアラーム設定","勤怠項目前準備 - エラーアラーム設定",59,"KDW007","A",,"/nts.uk.at.web/view/kdw/007/a/index.xhtml",0,0,0,1,0
,,,,,,,,0,"000000000000","000000000000-0000",1,0,"0105",0,"表示フォーマットの登録（権限）","勤怠項目前準備 - フォーマットの登録",60,"KDW008","A",,"/nts.uk.at.web/view/kdw/008/a/index.xhtml",0,0,0,1,0
,,,,,,,,0,"000000000000","000000000000-0000",1,0,"0106",0,"表示フォーマットの登録（勤務種別）","勤怠項目前準備 - フォーマットの登録",61,"KDW008","B",,"/nts.uk.at.web/view/kdw/008/b/index.xhtml",0,0,0,1,0
,,,,,,,,0,"000000000000","000000000000-0000",1,0,"0107",0,"任意期間の集計","任意期間の集計",120,"KFP001","A",,"/nts.uk.at.web/view/kfp/001/a/index.xhtml",1,0,0,1,0
,,,,,,,,0,"000000000000","000000000000-0000",1,0,"0108",0,"任意期間の集計 - 集計実行","任意期間の集計 - 集計実行",121,"KFP001","B",,"/nts.uk.at.web/view/kfp/001/b/index.xhtml",0,0,0,1,0
,,,,,,,,0,"000000000000","000000000000-0000",1,0,"0109",0,"任意期間の集計 - 実行履歴","任意期間の集計 - 実行履歴",122,"KFP001","H",,"/nts.uk.at.web/view/kfp/001/h/index.xhtml",0,0,0,1,0
,,,,,,,,0,"000000000000","000000000000-0000",1,0,"0110",0,"実績修正のロック","実績修正のロック",123,"KMW005","A",,"/nts.uk.at.web/view/kmw/005/a/index.xhtml",1,0,0,1,0
,,,,,,,,0,"000000000000","000000000000-0000",1,0,"0111",0,"日別勤務表","日別勤務表",124,"KWR001","A",,"/nts.uk.at.web/view/kwr/001/a/index.xhtml",1,0,0,1,0
,,,,,,,,0,"000000000000","000000000000-0000",1,0,"0113",0,"月別集計勤務表","月別集計勤務表",126,"KWR006","A",,"/nts.uk.at.web/view/kwr/006/a/index.xhtml",1,0,0,1,0
,,,,,,,,0,"000000000000","000000000000-0000",1,0,"0114",0,"年間勤務表","年間勤務表",127,"KWR008","A",,"/nts.uk.at.web/view/kwr/008/a/index.xhtml",1,0,0,1,0
,,,,,,,,0,"000000000000","000000000000-0000",1,0,"0115",0,"アラームリストの前準備 - メール設定","アラームリストの前準備 - メール設定",68,"KAL002","B",,"/nts.uk.at.web/view/kal/002/b/index.xhtml",0,0,0,1,0
,,,,,,,,0,"000000000000","000000000000-0000",1,0,"0116",0,"残数チェック機能","残数チェック機能",128,"KDM002","A",,"/nts.uk.at.web/view/kdm/002/a/index.xhtml",1,0,0,1,0
,,,,,,,,0,"000000000000","000000000000-0000",1,0,"0117",0,"計算設定 - 機能の選択","計算設定 - 機能の選択",8,"KMK013","G",,"/nts.uk.at.web/view/kmk/013/g/index.xhtml",0,0,0,1,0
,,,,,,,,0,"000000000000","000000000000-0000",1,0,"0118",0,"計算設定 - 変形労働の設定","計算設定 - 変形労働の設定",9,"KMK013","I",,"/nts.uk.at.web/view/kmk/013/i/index.xhtml",0,0,0,1,0
,,,,,,,,0,"000000000000","000000000000-0000",1,0,"0119",0,"計算設定 - 月別実績の縦計方法の設定","計算設定 - 月別実績の縦計方法の設定",10,"KMK013","J",,"/nts.uk.at.web/view/kmk/013/j/index.xhtml",0,0,0,1,0
,,,,,,,,0,"000000000000","000000000000-0000",1,0,"0120",0,"計算設定 - 法定・所定・時間外時間の設定","計算設定 - 法定・所定・時間外時間の設定",11,"KMK013","K",,"/nts.uk.at.web/view/kmk/013/k/index.xhtml",0,0,0,1,0
,,,,,,,,0,"000000000000","000000000000-0000",1,0,"0121",0,"計算設定 - 臨時勤務の設定","計算設定 - 臨時勤務の設定",12,"KMK013","L",,"/nts.uk.at.web/view/kmk/013/l/index.xhtml",0,0,0,1,0
,,,,,,,,0,"000000000000","000000000000-0000",1,0,"0122",0,"計算設定 - 計算項目固有設定","計算設定 - 計算項目固有設定",13,"KMK013","M",,"/nts.uk.at.web/view/kmk/013/m/index.xhtml",0,0,0,1,0
,,,,,,,,0,"000000000000","000000000000-0000",1,0,"0123",0,"計算設定 - 深夜時間帯設定","計算設定 - 深夜時間帯設定",14,"KMK013","N",,"/nts.uk.at.web/view/kmk/013/n/index.xhtml",0,0,0,1,0
,,,,,,,,0,"000000000000","000000000000-0000",1,0,"0124",0,"計算設定 - 法定内・法定外設定","計算設定 - 法定内・法定外設定",15,"KMK013","Q",,"/nts.uk.at.web/view/kmk/013/q/index.xhtml",0,0,0,1,0
,,,,,,,,0,"000000000000","000000000000-0000",1,0,"0126",0,"承認状況の照会","承認状況の照会",90,"KAF018","A",,"/nts.uk.at.web/view/kaf/018/a/index.xhtml",1,0,0,1,0
,,,,,,,,0,"000000000000","000000000000-0000",1,0,"0127",0,"承認状況の照会 - 職場別申請承認状況","承認状況の照会 - 職場別申請承認状況",91,"KAF018","B",,"/nts.uk.at.web/view/kaf/018/b/index.xhtml",0,0,0,1,0
,,,,,,,,0,"000000000000","000000000000-0000",1,0,"0128",0,"承認状況の照会 - 社員別申請承認状況","承認状況の照会 - 社員別申請承認状況",92,"KAF018","C",,"/nts.uk.at.web/view/kaf/018/c/index.xhtml",0,0,0,1,0
,,,,,,,,0,"000000000000","000000000000-0000",1,0,"0129",0,"承認状況の照会 - 職場別実績確認状況","承認状況の照会 - 職場別実績確認状況",93,"KAF018","E",,"/nts.uk.at.web/view/kaf/018/e/index.xhtml",0,0,0,1,0
,,,,,,,,0,"000000000000","000000000000-0000",1,0,"0130",0,"承認状況の照会 - 社員別実績確認状況","承認状況の照会 - 社員別実績確認状況",94,"KAF018","F",,"/nts.uk.at.web/view/kaf/018/f/index.xhtml",0,0,0,1,0
,,,,,,,,0,"000000000000","000000000000-0000",1,0,"0131",0,"承認状況の照会 - 就業確定","承認状況の照会 - 就業確定",95,"KAF018","G",,"/nts.uk.at.web/view/kaf/018/g/index.xhtml",0,0,0,1,0
,,,,,,,,0,"000000000000","000000000000-0000",1,0,"0132",0,"残数管理データの登録","残数管理データの登録",129,"KDM001","A",,"/nts.uk.at.web/view/kdm/001/a/index.xhtml",1,0,0,1,0
,,,,,,,,0,"000000000000","000000000000-0000",1,0,"0133",0,"出勤簿","出勤簿",125,"KWR002","A",,"/nts.uk.at.web/view/kwr/002/a/index.xhtml",1,0,0,1,0
,,,,,,,,0,"000000000000","000000000000-0000",1,0,"0134",0,"月別実績の確認","月別実績の確認",105,"KMW003","A","initmode=2","/nts.uk.at.web/view/kmw/003/a/index.xhtml",1,0,0,1,0
,,,,,,,,0,"000000000000","000000000000-0000",1,0,"0139",0,"代行申請","代行申請",75,"KAF001","A",,"/nts.uk.at.web/view/kaf/001/a/index.xhtml",1,0,0,1,0
,,,,,,,,0,"000000000000","000000000000-0000",1,0,"0140",0,"代行申請","代行申請",133,"KAF001","B",,"/nts.uk.at.web/view/kaf/001/b/index.xhtml",0,0,0,1,0
,,,,,,,,0,"000000000000","000000000000-0000",1,0,"0141",0,"残業申請（早出残業）","残業申請（早出残業）",134,"KAF000","B","apptype=0_0","/nts.uk.at.web/view/kaf/000/b/index.xhtml",0,0,0,1,0
,,,,,,,,0,"000000000000","000000000000-0000",1,0,"0142",0,"残業申請（普通残業）","残業申請（普通残業）",135,"KAF000","B","apptype=0_1","/nts.uk.at.web/view/kaf/000/b/index.xhtml",0,0,0,1,0
,,,,,,,,0,"000000000000","000000000000-0000",1,0,"0143",0,"残業申請","残業申請",136,"KAF000","B","apptype=0_2","/nts.uk.at.web/view/kaf/000/b/index.xhtml",0,0,0,1,0
,,,,,,,,0,"000000000000","000000000000-0000",1,0,"0144",0,"休暇申請","休暇申請",137,"KAF000","B","apptype=1","/nts.uk.at.web/view/kaf/000/b/index.xhtml",0,0,0,1,0
,,,,,,,,0,"000000000000","000000000000-0000",1,0,"0145",0,"勤務変更申請","勤務変更申請",138,"KAF000","B","apptype=2","/nts.uk.at.web/view/kaf/000/b/index.xhtml",0,0,0,1,0
,,,,,,,,0,"000000000000","000000000000-0000",1,0,"0146",0,"出張申請","出張申請",141,"KAF000","B","apptype=3","/nts.uk.at.web/view/kaf/000/b/index.xhtml",0,0,0,1,0
,,,,,,,,0,"000000000000","000000000000-0000",1,0,"0147",0,"直行直帰申請","直行直帰申請",140,"KAF000","B","apptype=4","/nts.uk.at.web/view/kaf/000/b/index.xhtml",0,0,0,1,0
,,,,,,,,0,"000000000000","000000000000-0000",1,0,"0148",0,"休日出勤申請","休日出勤申請",139,"KAF000","B","apptype=6","/nts.uk.at.web/view/kaf/000/b/index.xhtml",0,0,0,1,0
,,,,,,,,0,"000000000000","000000000000-0000",1,0,"0149",0,"打刻申請","打刻申請",144,"KAF000","B","apptype=7","/nts.uk.at.web/view/kaf/000/b/index.xhtml",0,0,0,1,0
,,,,,,,,0,"000000000000","000000000000-0000",1,0,"0150",0,"遅刻早退取消申請","遅刻早退取消申請",145,"KAF000","B","apptype=9","/nts.uk.at.web/view/kaf/000/b/index.xhtml",0,0,0,1,0
,,,,,,,,0,"000000000000","000000000000-0000",1,0,"0151",0,"振休振出申請","振休振出申請",142,"KAF000","B","apptype=10","/nts.uk.at.web/view/kaf/000/b/index.xhtml",0,0,0,1,0
,,,,,,,,0,"000000000000","000000000000-0000",1,0,"0152",0,"法定労働時間の登録 - 通常勤務","法定労働時間の登録 - 通常勤務",22,"KMK004","B",,"/nts.uk.at.web/view/kmk/004/b/index.xhtml",1,0,0,1,0
,,,,,,,,0,"000000000000","000000000000-0000",1,0,"0153",0,"法定労働時間の登録 - フレックスタイム制","法定労働時間の登録 - フレックスタイム制",23,"KMK004","G",,"/nts.uk.at.web/view/kmk/004/g/index.xhtml",1,0,0,1,0
,,,,,,,,0,"000000000000","000000000000-0000",1,0,"0154",0,"法定労働時間の登録 - 変形労働制","法定労働時間の登録 - 変形労働制",24,"KMK004","L",,"/nts.uk.at.web/view/kmk/004/l/index.xhtml",1,0,0,1,0
,,,,,,,,0,"000000000000","000000000000-0000",1,0,"0156",0,"休暇申請","休暇申請",83,"KAF006","B",,"/nts.uk.at.web/view/kaf/006/b/index.xhtml",0,0,0,1,0
,,,,,,,,0,"000000000000","000000000000-0000",1,0,"0157",0,"勤務変更申請","勤務変更申請",85,"KAF007","B",,"/nts.uk.at.web/view/kaf/007/b/index.xhtml",0,0,0,1,0
,,,,,,,,0,"000000000000","000000000000-0000",1,0,"0158",0,"直行直帰申請","直行直帰申請",81,"KAF009","B",,"/nts.uk.at.web/view/kaf/009/b/index.xhtml",0,0,0,1,0
,,,,,,,,0,"000000000000","000000000000-0000",1,0,"0159",0,"休日出勤申請","休日出勤申請",87,"KAF010","B",,"/nts.uk.at.web/view/kaf/010/b/index.xhtml",0,0,0,1,0
,,,,,,,,0,"000000000000","000000000000-0000",1,0,"0160",0,"振休振出申請","振休振出申請",89,"KAF011","B",,"/nts.uk.at.web/view/kaf/011/b/index.xhtml",0,0,0,1,0
,,,,,,,,0,"000000000000","000000000000-0000",1,0,"0161",0,"特別休暇情報の登録 - 付与設定","特別休暇情報の登録 - 付与設定",131,"KMF004","A",,"/nts.uk.at.web/view/kmf/004/a/index.xhtml",0,0,0,1,0
,,,,,,,,0,"000000000000","000000000000-0000",1,0,"0162",0,"特別休暇情報の登録 - 事象別の設定","特別休暇情報の登録 - 事象別の設定",132,"KMF004","I",,"/nts.uk.at.web/view/kmf/004/i/index.xhtml",0,0,0,1,0
,,,,,,,,0,"000000000000","000000000000-0000",1,0,"0165",0,"年休管理表","年休管理表",145,"KDR002","A",,"/nts.uk.at.web/view/kdr/002/a/index.xhtml",1,0,0,1,0
,,,,,,,,0,"000000000000","000000000000-0000",1,0,"0166",0,"スマートフォン前準備","スマートフォン前準備",146,"KSP001","A",,"/nts.uk.at.web/view/ksp/001/a/index.xhtml",1,0,0,1,0
,,,,,,,,0,"000000000000","000000000000-0000",1,0,"0167",0,"予約の入力","予約の入力",147,"KMR002","A",,"/nts.uk.at.web/view/kmr/002/a/index.xhtml",1,0,1,0,0
,,,,,,,,0,"000000000000","000000000000-0000",1,0,"0168",0,"月間予約台帳","月間予約台帳",148,"KMR005","A",,"/nts.uk.at.web/view/kmr/005/a/index.xhtml",1,0,1,1,1
,,,,,,,,0,"000000000000","000000000000-0000",1,0,"0169",0,"ランクの登録","ランクの登録",149,"KSM010","A",,"/nts.uk.at.web/view/ksm/010/a/index.xhtml",1,0,0,1,0
,,,,,,,,0,"000000000000","000000000000-0000",1,0,"0170",0,"看護区分の登録","看護区分の登録",150,"KSM013","A",,"/nts.uk.at.web/view/ksm/013/a/index.xhtml",1,0,0,1,0
,,,,,,,,0,"000000000000","000000000000-0000",1,0,"0171",0,"シフトの登録","シフトの登録",151,"KSM015","A",,"/nts.uk.at.web/view/ksm/015/a/index.xhtml",1,0,0,1,0
,,,,,,,,0,"000000000000","000000000000-0000",1,0,"0172",0,"シフトの登録","シフトの登録",152,"KSM015","B",,"/nts.uk.at.web/view/ksm/015/b/index.xhtml",0,0,0,0,0
,,,,,,,,0,"000000000000","000000000000-0000",1,0,"0173",0,"職場別シフトの登録","職場別シフトの登録",153,"KSM015","C",,"/nts.uk.at.web/view/ksm/015/c/index.xhtml",0,0,0,0,0
,,,,,,,,0,"000000000000","000000000000-0000",1,0,"0174",0,"打刻入力の前準備","打刻入力の前準備",154,"KDP010","A",,"/nts.uk.at.web/view/kdp/010/a/index.xhtml",1,0,1,1,1
,,,,,,,,0,"000000000000","000000000000-0000",1,0,"0175",0,"カードNOの登録（個人指定）","カードNOの登録（個人指定）",155,"KMP001","A",,"/nts.uk.at.web/view/kmp/001/a/index.xhtml",1,0,1,1,1
,,,,,,,,0,"000000000000","000000000000-0000",1,0,"0176",0,"打刻入力（個人打刻）","打刻入力（個人打刻）",156,"KDP002","A",,"/nts.uk.at.web/view/kdp/002/a/index.xhtml",1,0,1,1,1
,,,,,,,,0,"000000000000","000000000000-0000",1,0,"0177",0,"打刻一覧表","打刻一覧表",157,"KDP011","A",,"/nts.uk.at.web/view/kdp/011/a/index.xhtml",1,0,1,1,1
,,,,,,,,0,"000000000000","000000000000-0000",1,0,"0178",0,"打刻入力（氏名選択）","打刻入力（氏名選択）",158,"KDP003","A",,"メニューから使わない。起動ログ用レコード？",0,0,1,0,0
,,,,,,,,0,"000000000000","000000000000-0000",1,0,"0179",0,"打刻入力（指静脈）","打刻入力（指静脈）",159,"KDP004","A",,"メニューから使わない。起動ログ用レコード？",0,0,1,1,1
,,,,,,,,0,"000000000000","000000000000-0000",1,0,"0180",0,"打刻入力（ICカード）","打刻入力（ICカード）",160,"KDP005","A",,"メニューから使わない。起動ログ用レコード？",0,0,1,1,1
,,,,,,,,0,"000000000000","000000000000-0000",1,0,"0181",0,"打刻入力（ポータル）","打刻入力（ポータル）",161,"KDP001","A",,"メニューから使わない。起動ログ用レコード？",0,0,1,0,0
,,,,,,,,0,"000000000000","000000000000-0000",1,0,"0183",0,"職場グループの設定","職場グループの設定",163,"KSM007","A",,"/nts.uk.at.web/view/ksm/007/a/index.xhtml",1,0,1,1,1
,,,,,,,,0,"000000000000","000000000000-0000",1,0,"0184",0,"予約の設定","予約の設定",164,"KMR001","A",,"/nts.uk.at.web/view/kmr/001/a/index.xhtml",1,0,0,1,0
,,,,,,,,0,"000000000000","000000000000-0000",1,0,"0185",0,"予約の設定","予約の設定",165,"KMR001","B",,"/nts.uk.at.web/view/kmr/001/b/index.xhtml",0,0,0,1,0
,,,,,,,,0,"000000000000","000000000000-0000",1,0,"0186",0,"予約の設定","予約の設定",166,"KMR001","C",,"/nts.uk.at.web/view/kmr/001/c/index.xhtml",0,0,0,1,0
,,,,,,,,0,"000000000000","000000000000-0000",1,0,"0187",0,"予約の入力","予約の入力",167,"KMR002","A",,"/nts.uk.at.web/view/kmr/002/a/index.xhtml",1,0,0,1,0
,,,,,,,,0,"000000000000","000000000000-0000",1,0,"0188",0,"予約の修正","予約の修正",168,"KMR003","A",,"/nts.uk.at.web/view/kmr/003/a/index.xhtml",1,0,0,1,0
,,,,,,,,0,"000000000000","000000000000-0000",1,0,"0189",0,"予約確認一覧","予約確認一覧",169,"KMR004","A",,"/nts.uk.at.web/view/kmr/004/a/index.xhtml",1,0,0,1,0
,,,,,,,,0,"000000000000","000000000000-0000",1,0,"0190",0,"出張申請","出張申請",89,"KAF008","A",,"/nts.uk.at.web/view/kaf/008/a/index.xhtml",1,0,1,1,1
,,,,,,,,0,"000000000000","000000000000-0000",1,0,"0191",0,"時間休暇申請","時間休暇申請",89,"KAF012","A",,"/nts.uk.at.web/view/kaf/012/a/index.xhtml",1,0,1,1,1
,,,,,,,,0,"000000000000","000000000000-0000",1,0,"0192",0,"任意項目申請","任意項目申請",89,"KAF020","A",,"/nts.uk.at.web/view/kaf/020/a/index.xhtml",1,0,1,1,1
,,,,,,,,0,"000000000000","000000000000-0000",1,0,"0193",0,"ログ設定","ログ設定",57,"CLI002","A",,"/nts.uk.com.web/view/cli/002/a/index.xhtml",1,0,1,1,1
,,,,,,,,0,"000000000000","000000000000-0000",1,0,"0195",0,"承認者の登録（３６協定）","承認者の登録（３６協定）",170,"CMM024","A",,"/nts.uk.com.web/view/cmm/024/a/index.xhtml",1,0,1,1,1
,,,,,,,,0,"000000000000","000000000000-0000",1,0,"0196",0,"３６協定特別条項適用申請","３６協定特別条項適用申請",171,"KAF021","A",,"/nts.uk.at.web/view/kaf/021/a/index.xhtml",1,0,1,1,1
,,,,,,,,0,"000000000000","000000000000-0000",1,0,"0197",0,"就業情報端末の登録","就業情報端末の登録",172,"KNR001","A",,"/nts.uk.at.web/view/knr/001/a/index.xhtml",1,0,1,1,1
,,,,,,,,0,"000000000000","000000000000-0000",1,0,"0198",0,"就業情報端末の監視","就業情報端末の監視",173,"KNR002","A",,"/nts.uk.at.web/view/knr/002/a/index.xhtml",1,0,1,1,1
,,,,,,,,0,"000000000000","000000000000-0000",1,0,"0199",0,"打刻申請（NR形式）","打刻申請（NR形式）",89,"KAF002","B",,"/nts.uk.at.web/view/kaf/002/b/index.xhtml",1,0,0,0,0
,,,,,,,,0,"000000000000","000000000000-0000",1,0,"0200",0,"カードNOの登録","カードNOの登録",155,"KMP001","H",,"/nts.uk.at.web/view/kmp/001/h/index.xhtml",1,0,0,0,0
,,,,,,,,0,"000000000000","000000000000-0000",1,0,"0201",0,"カードNOの登録（カード指定）","カードNOの登録（カード指定）",155,"KMP001","B",,"/nts.uk.at.web/view/kmp/001/b/index.xhtml",1,0,0,0,0
,,,,,,,,0,"000000000000","000000000000-0000",1,0,"0202",0,"カードNOの登録（未登録打刻指定）","カードNOの登録（未登録打刻指定）",155,"KMP001","C",,"/nts.uk.at.web/view/kmp/001/c/index.xhtml",0,0,0,0,0
,,,,,,,,0,"000000000000","000000000000-0000",1,0,"0203",0,"カードNOの登録（一括作成）","カードNOの登録（一括作成）",155,"KMP001","E",,"/nts.uk.at.web/view/kmp/001/e/index.xhtml",0,0,0,0,0
,,,,,,,,0,"000000000000","000000000000-0000",1,0,"0204",0,"申請の前準備（基本設定）","申請の前準備（基本設定）",72,"KAF022","B",,"/nts.uk.at.web/view/kaf/022/b/index.xhtml",0,0,0,0,0
,,,,,,,,0,"000000000000","000000000000-0000",1,0,"0205",0,"申請の前準備（雇用別勤務種類設定）","申請の前準備（雇用別勤務種類設定）",72,"KAF022","C",,"/nts.uk.at.web/view/kaf/022/c/index.xhtml",0,0,0,0,0
,,,,,,,,0,"000000000000","000000000000-0000",1,0,"0206",0,"申請の前準備（職場別利用設定）","申請の前準備（職場別利用設定）",72,"KAF022","D",,"/nts.uk.at.web/view/kaf/022/d/index.xhtml",0,0,0,0,0
,,,,,,,,0,"000000000000","000000000000-0000",1,0,"0207",0,"スケジュールのアラームチェック設定","スケジュールのアラームチェック設定",174,"KSM008","A",,"/nts.uk.at.web/view/ksm/008/a/index.xhtml",1,0,1,1,1
,,,,,,,,0,"000000000000","000000000000-0000",1,0,"0208",0,"同時出勤指定","同時出勤指定",175,"KSM008","B",,"/nts.uk.at.web/view/ksm/008/b/index.xhtml",0,0,0,0,0
,,,,,,,,0,"000000000000","000000000000-0000",1,0,"0209",0,"同時出勤禁止","同時出勤禁止",176,"KSM008","C",,"/nts.uk.at.web/view/ksm/008/c/index.xhtml",0,0,0,0,0
,,,,,,,,0,"000000000000","000000000000-0000",1,0,"0210",0,"勤務方法の関係性","勤務方法の関係性",177,"KSM008","D",,"/nts.uk.at.web/view/ksm/008/d/index.xhtml",0,0,0,0,0
,,,,,,,,0,"000000000000","000000000000-0000",1,0,"0211",0,"同日休日禁止","同日休日禁止",178,"KSM008","F",,"/nts.uk.at.web/view/ksm/008/f/index.xhtml",0,0,0,0,0
,,,,,,,,0,"000000000000","000000000000-0000",1,0,"0212",0,"連続出勤の上限設定","連続出勤の上限設定",179,"KSM008","G",,"/nts.uk.at.web/view/ksm/008/g/index.xhtml",0,0,0,0,0
,,,,,,,,0,"000000000000","000000000000-0000",1,0,"0213",0,"就業時間帯の連続出勤上限設定","就業時間帯の連続出勤上限設定",180,"KSM008","I",,"/nts.uk.at.web/view/ksm/008/i/index.xhtml",0,0,0,0,0
,,,,,,,,0,"000000000000","000000000000-0000",1,0,"0214",0,"就業時間帯の上限設定","就業時間帯の上限設定",181,"KSM008","K",,"/nts.uk.at.web/view/ksm/008/k/index.xhtml",0,0,0,0,0
,,,,,,,,0,"000000000000","000000000000-0000",1,0,"0215",0,"個人スケジュール修正（個人別）","個人スケジュール修正（個人別）",182,"KSU002","A",,"/nts.uk.at.web/view/ksu/002/a/index.xhtml",1,0,1,1,1
,,,,,,,,0,"000000000000","000000000000-0000",1,0,"0216",0,"個人スケジュール修正（日付別）","個人スケジュール修正（日付別）",183,"KSU003","A",,"/nts.uk.at.web/view/ksu/003/a/index.xhtml",0,0,1,1,1
,,,,,,,,0,"000000000000","000000000000-0000",1,0,"0217",0,"承認者の登録（就業目次）","承認者の登録（就業目次）",62,"CMM018","X",,"/nts.uk.com.web/view/cmm/018/x/index.xhtml",1,0,0,0,0
,,,,,,,,0,"000000000000","000000000000-0000",1,0,"0218",0,"３６協定特別条項適用申請","３６協定特別条項適用申請",171,"KAF021","B",,"/nts.uk.at.web/view/kaf/021/b/index.xhtml",0,0,0,0,0
,,,,,,,,0,"000000000000","000000000000-0000",1,0,"0219",0,"３６協定特別条項適用申請の一覧","３６協定特別条項適用申請の一覧",171,"KAF021","C",,"/nts.uk.at.web/view/kaf/021/c/index.xhtml",1,0,0,0,0
,,,,,,,,0,"000000000000","000000000000-0000",1,0,"0220",0,"３６協定特別条項適用申請の承認","３６協定特別条項適用申請の承認",171,"KAF021","D",,"/nts.uk.at.web/view/kaf/021/d/index.xhtml",1,0,0,0,0
,,,,,,,,0,"000000000000","000000000000-0000",1,0,"0221",0,"スケジュール職場計の設定","スケジュール職場計の設定",114,"KML002","B",,"/nts.uk.at.web/view/kml/002/b/index.xhtml",0,0,0,0,0
,,,,,,,,0,"000000000000","000000000000-0000",1,0,"0222",0,"スケジュール個人計の設定","スケジュール個人計の設定",114,"KML002","C",,"/nts.uk.at.web/view/kml/002/c/index.xhtml",0,0,0,0,0
,,,,,,,,0,"000000000000","000000000000-0000",1,0,"0223",0,"休暇設定 - 休日【削除】","休暇設定 - 休日【削除】",2,"KMF001","M",,"/nts.uk.at.web/view/kmf/001/m/index.xhtml",0,0,0,0,0
,,,,,,,,0,"000000000000","000000000000-0000",1,0,"0224",0,"作業の登録","作業の登録",184,"KMT001","A",,"/nts.uk.at.web/view/kmt/001/a/index.xhtml",0,0,1,1,1
,,,,,,,,0,"000000000000","000000000000-0000",1,0,"0225",0,"下位作業の絞り込み","下位作業の絞り込み",185,"KMT009","A",,"/nts.uk.at.web/view/kmt/009/a/index.xhtml",0,0,1,1,1
,,,,,,,,0,"000000000000","000000000000-0000",1,0,"0226",0,"職場別作業の登録","職場別作業の登録",186,"KMT010","A",,"/nts.uk.at.web/view/kmt/010/a/index.xhtml",0,0,1,1,1
"1900/01/01 0:00:00","    ","            ","              ","1900/01/01 0:00:00","    ","            ","              ",0,"000000000000","000000000000-0000",1,0,"0229",0,"工数実績の基本設定","工数実績の基本設定",187,"KMT005","A",,"/nts.uk.at.web/view/kmt/005/a/index.xhtml",0,0,1,1,1
"1900/01/01 0:00:00","    ","            ","              ","1900/01/01 0:00:00","    ","            ","              ",0,"000000000000","000000000000-0000",1,0,"0230",0,"工数実績の前準備","工数実績の前準備",188,"KMT011","A",,"/nts.uk.at.web/view/kmt/011/a/index.xhtml",1,0,1,1,1
"1900/01/01 0:00:00","    ","            ","              ","1900/01/01 0:00:00","    ","            ","              ",0,"000000000000","000000000000-0000",1,0,"0231",0,"作業メンバーの登録","作業メンバーの登録",189,"KMT014","A",,"/nts.uk.at.web/view/kmt/014/a/index.xhtml",0,0,1,1,1
,,,,,,,,0,"000000000000","000000000000-0000",1,0,"0232",0,"勤務場所の登録","勤務場所の登録",190,"CMM040","A",,"/nts.uk.com.web/view/cmm/040/a/index.xhtml",1,0,1,1,1
,,,,,,,,0,"000000000000","000000000000-0000",1,0,"0233",0,"IPアドレス設定","IPアドレス設定",191,"CMM040","B",,"/nts.uk.com.web/view/cmm/040/b/index.xhtml",1,0,1,1,1
"1900/01/01 0:00:00","    ","            ","              ","1900/01/01 0:00:00","    ","            ","              ",0,"000000000000","000000000000-0000",1,0,"0234",0,"基本機能制御の設定","基本機能制御の設定",192,"KSM011","B",,"/nts.uk.at.web/view/ksm/011/b/index.xhtml",0,0,0,1,0
"1900/01/01 0:00:00","    ","            ","              ","1900/01/01 0:00:00","    ","            ","              ",0,"000000000000","000000000000-0000",1,0,"0235",0,"スケジュール基本の設定","スケジュール基本の設定",193,"KSM011","C",,"/nts.uk.at.web/view/ksm/011/c/index.xhtml",0,0,0,1,0
"1900/01/01 0:00:00","    ","            ","              ","1900/01/01 0:00:00","    ","            ","              ",0,"000000000000","000000000000-0000",1,0,"0236",0,"個人スケジュール修正(職場別)の設定","個人スケジュール修正(職場別)の設定",194,"KSM011","D",,"/nts.uk.at.web/view/ksm/011/d/index.xhtml",0,0,0,1,0
"1900/01/01 0:00:00","    ","            ","              ","1900/01/01 0:00:00","    ","            ","              ",0,"000000000000","000000000000-0000",1,0,"0239",0,"権限機能制御の設定","権限機能制御の設定",197,"KSM011","E",,"/nts.uk.at.web/view/ksm/011/e/index.xhtml",0,0,0,1,0
,,,,,,,,0,"000000000000","000000000000-0000",1,0,"0245",0,"勤怠項目前準備 - 工数実績の利用設定","勤怠項目前準備 - 工数実績の利用設定",59,"KDW006","I",,"/nts.uk.at.web/view/kdw/006/i/index.xhtml",0,0,1,1,1
,,,,,,,,0,"000000000000","000000000000-0000",1,0,"0246",0,"就業時間帯の割り付け","就業時間帯の割り付け",20,"KMK017","A",,"/nts.uk.at.web/view/kmk/017/a/index.xhtml",1,0,0,1,0
,,,,,,,,0,"000000000000","000000000000-0000",1,0,"0247",0,"勤務状況表","勤務状況表",126,"KWR003","A",,"/nts.uk.at.web/view/kwr/003/a/index.xhtml",1,0,0,1,0
,,,,,,,,0,"000000000000","000000000000-0000",1,0,"0248",0,"年間勤務台帳","年間勤務台帳",126,"KWR004","A",,"/nts.uk.at.web/view/kwr/004/a/index.xhtml",1,0,0,1,0
,,,,,,,,0,"000000000000","000000000000-0000",1,0,"0249",0,"勤務台帳","勤務台帳",126,"KWR005","A",,"/nts.uk.at.web/view/kwr/005/a/index.xhtml",1,0,0,1,0
,,,,,,,,0,"000000000000","000000000000-0000",1,0,"0250",0,"休日設定","休日設定",66,"KMF002","M",,"/nts.uk.at.web/view/kmf/002/m/index.xhtml",0,0,0,1,0
,,,,,,,,0,"000000000000","000000000000-0000",1,0,"0251",0,"公休日数設定","公休日数設定",66,"KMF002","E",,"/nts.uk.at.web/view/kmf/002/e/index.xhtml",0,0,0,1,0
,,,,,,,,0,"000000000000","000000000000-0000",1,0,"0252",0,"打刻前準備（共有） - PC・タブレット","打刻前準備（共有） - PC・タブレット",154,"KDP010","B",,"/nts.uk.at.web/view/kdp/010/b/index.xhtml",0,0,1,1,1
,,,,,,,,0,"000000000000","000000000000-0000",1,0,"0253",0,"打刻前準備（共有） - RICOH複合機","打刻前準備（共有） - RICOH複合機",154,"KDP010","K",,"/nts.uk.at.web/view/kdp/010/k/index.xhtml",0,0,1,1,1
,,,,,,,,0,"000000000000","000000000000-0000",1,0,"0254",0,"打刻前準備（個人） - PC・タブレット","打刻前準備（個人） - PC・タブレット",154,"KDP010","C",,"/nts.uk.at.web/view/kdp/010/c/index.xhtml",0,0,1,1,1
,,,,,,,,0,"000000000000","000000000000-0000",1,0,"0255",0,"打刻前準備（個人） - スマートフォン","打刻前準備（個人） - スマートフォン",154,"KDP010","D",,"/nts.uk.at.web/view/kdp/010/d/index.xhtml",0,0,1,1,1
,,,,,,,,0,"000000000000","000000000000-0000",1,0,"0256",0,"打刻前準備（個人） - ポータル","打刻前準備（個人） - ポータル",154,"KDP010","E",,"/nts.uk.at.web/view/kdp/010/e/index.xhtml",0,0,1,1,1
,,,,,,,,0,"000000000000","000000000000-0000",1,0,"0257",0,"打刻前準備 - オプション設定","打刻前準備 - オプション設定",154,"KDP010","F",,"/nts.uk.at.web/view/kdp/010/f/index.xhtml",0,0,1,1,1
,,,,,,,,0,"000000000000","000000000000-0000",1,6,"0001",0,"勤務種別の登録","勤務種別の登録",1,"KDW009","A",,"/nts.uk.at.web/view/kdw/009/a/index.xhtml",1,0,0,1,0
,,,,,,,,0,"000000000000","000000000000-0000",1,6,"0002",0,"上司の設定","上司の設定",2,"CMM053","A",,"/nts.uk.com.web/view/cmm/053/a/index.xhtml",1,0,0,1,0
,,,,,,,,0,"000000000000","000000000000-0000",1,6,"0003",0,"計画年休の申請上限設定","計画年休の申請上限設定",3,"KMK015","A",,"/nts.uk.at.web/view/kmk/015/a/index.xhtml",1,0,0,1,0
,,,,,,,,0,"000000000000","000000000000-0000",1,6,"0004",0,"連続休暇チェック","連続休暇チェック",4,"KDW010","A",,"/nts.uk.at.web/view/kdw/010/a/index.xhtml",1,0,0,1,0
,,,,,,,,0,"000000000000","000000000000-0000",1,9,"0001",0,"日別実績の修正（個人別）","日別実績の修正（個人別）",1,"KDWS03","A","displayformat=0","/nts.uk.mobile.web/kdw/003/a",0,0,0,1,0
,,,,,,,,0,"000000000000","000000000000-0000",1,9,"0002",0,"日別実績の修正（日付別）","日別実績の修正（日付別）",2,"KDWS03","A","displayformat=1","/nts.uk.mobile.web/kdw/003/a",0,0,0,1,0
,,,,,,,,0,"000000000000","000000000000-0000",1,9,"0003",1,"申請","申請",3,"000000","A",,"-",0,0,0,1,0
,,,,,,,,0,"000000000000","000000000000-0000",1,9,"0004",0,"残業申請（早出残業）","残業申請（早出残業）",4,"KAFS05","A","overworkatr=0","/nts.uk.mobile.web/kaf/005/a",0,0,0,1,0
,,,,,,,,0,"000000000000","000000000000-0000",1,9,"0005",0,"残業申請（普通残業）","残業申請（普通残業）",5,"KAFS05","A","overworkatr=1","/nts.uk.mobile.web/kaf/005/a",0,0,0,1,0
,,,,,,,,0,"000000000000","000000000000-0000",1,9,"0006",0,"残業申請","残業申請",6,"KAFS05","A","overworkatr=2","/nts.uk.mobile.web/kaf/005/a",0,0,0,1,0
,,,,,,,,0,"000000000000","000000000000-0000",1,9,"0007",0,"申請一覧","申請一覧",7,"CMMS45","A",,"/nts.uk.mobile.web/cmm/045/a",0,0,0,1,0
,,,,,,,,0,"000000000000","000000000000-0000",1,9,"0008",0,"承認一覧","承認一覧",8,"CMMS45","B",,"/nts.uk.mobile.web/cmm/045/b",0,0,0,1,0
,,,,,,,,0,"000000000000","000000000000-0000",1,9,"0009",0,"打刻入力","打刻入力",9,"KDPS01","A",,"/nts.uk.mobile.web/kdp/001/a",0,0,1,1,1
,,,,,,,,0,"000000000000","000000000000-0000",1,9,"0010",0,"休暇申請","休暇申請",10,"KAFS06","A",,"/nts.uk.mobile.web/kaf/006/a",0,0,1,1,1
,,,,,,,,0,"000000000000","000000000000-0000",1,9,"0011",0,"勤務変更申請","勤務変更申請",11,"KAFS07","A",,"/nts.uk.mobile.web/kaf/007/a",0,0,1,1,1
,,,,,,,,0,"000000000000","000000000000-0000",1,9,"0012",0,"出張申請","出張申請",12,"KAFS08","A",,"/nts.uk.mobile.web/kaf/008/a",0,0,1,1,1
,,,,,,,,0,"000000000000","000000000000-0000",1,9,"0013",0,"直行直帰申請","直行直帰申請",13,"KAFS09","A",,"/nts.uk.mobile.web/kaf/009/a",0,0,1,1,1
,,,,,,,,0,"000000000000","000000000000-0000",1,9,"0014",0,"休日出勤申請","休日出勤申請",14,"KAFS10","A",,"/nts.uk.mobile.web/kaf/010/a",0,0,1,1,1
,,,,,,,,0,"000000000000","000000000000-0000",1,9,"0015",0,"打刻申請","打刻申請",15,"KAFS02","A",,"/nts.uk.mobile.web/kaf/002/a",0,0,1,1,1
,,,,,,,,0,"000000000000","000000000000-0000",1,9,"0016",0,"遅刻早退取消申請","遅刻早退取消申請",16,"KAFS04","A",,"/nts.uk.mobile.web/kaf/004/a",0,0,1,1,1
,,,,,,,,0,"000000000000","000000000000-0000",1,9,"0017",0,"振休振出申請","振休振出申請",17,"KAFS11","A",,"/nts.uk.mobile.web/kaf/011/a",0,0,1,1,1
,,,,,,,,0,"000000000000","000000000000-0000",1,9,"0018",0,"時間休暇申請","時間休暇申請",18,"KAFS12","A",,"/nts.uk.mobile.web/kaf/012/a",0,0,1,1,1
,,,,,,,,0,"000000000000","000000000000-0000",1,9,"0019",0,"任意項目申請","任意項目申請",19,"KAFS20","A",,"/nts.uk.mobile.web/kaf/020/a",0,0,1,1,1
